product,db,sold
d045d5d07ad0a54d2fc52524a7a27162c57486b7f77519ab73de8101d48f78f0,5.1,464
9c5998c43d96f78dcdc05c69033c512a9ed4473a18efa3ce8536066b83d85013,6.6,407
7f8409731aabb2e4215bfee665d88cfc77098878e4ac8d17a0f2f986e4d2b28b,7.95,406
0b3ae0ea3147c1817368f34b7861b3f4c72af22cf0191c3e8f04d66478388ca6,6.0,333
47884640676993a729fe55bdc4f744a1814f7af4f753b933365f54c602d629d8,5.85,332
74dfc26c3ab1022af072d69220ed786c22662b3ccb6763885b58091e5c291828,5.1,323
ef0fd4a84c14796b9f0464500e6c396f11c97af0941b8266030c03f21542f23a,5.1,308
f9a0934208a262d0b9be9d76b3899584e33ab6295b1f22f8694f24a213ffde1a,7.95,296
7280b7e06021d716f810437e7fd4ae6646dc764a396daa3bf79edab354de0678,5.85,296
ed0a36750ab4bd668e473c237abe6eaeabb943361bed4aa43addf9e0d291c799,5.1,262
24f0982461b876d31d63938c7b139b10cc568ee4d756b59e1446106c7689f661,6.45,255
f0fbd579487ec2f9ba51b8167a6457bdeedac9a05cfd0f15ac8e2a3379eaca51,5.4,251
032b190a2d703560146601f1d479fbc54f1097ebfaa4b60a90a51978b78195b3,5.7,248
d655332e6451d6716a9b9c6fc070aa6a440fd4984b8d3c1a02bc5cea7c5254b8,5.4,225
8d2822c4592d1504884e6d51a6607634936d032bbf58c7b698119e2f9804353b,6.45,206
70ccc1226481675821760ac10632aaf9b72a7c7deac744b121128acb7cc30741,5.4,191
fe3cf96945019b9e5be179290bb4d46de2444fc60778e8aacc0099abbc2af6df,5.1,183
851fc365789e49ebd7f2a5b3cba048574476abca469624b875d24745107d913e,7.2,180
878613859c2ed0031c2a338425702704a01ac7d466de8f2a27f1bba071faefac,5.1,159
fad049192b415349ab98d00ac1e20e1b8a73c1fe30c82c5ed22691d3ad23fd06,7.05,152
5e23a63f93bb1503eb8c329c16f9d38a7a6ca0402be79a4d5b47881338b2df48,5.4,152
bb24c1249b5a0792bd50f288ef845fa71bd930a982f0d9821bbbdc950ec2e85b,5.1,144
3647a3d090e161f5463df3ffe508b51597a4bb99782c9a2a772a111082850959,7.35,137
898860462f2e249049141caf3f17d0a05fdc80b66c0b1c1e045497deca8996af,6.6,132
29885043664c80bc3f7e7de2f8065838702041cdf59bc58725f9410724fecf03,5.7,132
513998b25b6ca17a15fbb7a7d9c14e07c958a65aa9222e556ea06cd9f6b69db3,6.15,129
8d79c1f86e012f93c0607ede3c5d06a731a009109145dec99561d84f5af83a00,5.25,128
cf6140af9d2e9cd94458efb8425cacf277c348762c26effcadf2829b127f293f,5.1,124
f922a4ca020a5d9e4bb6183b9ea25d651f32e22ae6efc36b5eae239ba7786e4a,5.1,123
d75be5981c11833a3378b90ce4c853af05e16d44b9bd787a34536921216706aa,5.4,117
116518f37a18ea6441b41afc4148b217d018a30d621dee7472f514e71b4fa303,5.7,115
88bdf19e1588f841f9589cbf30b93bd2463bcc15ddf6a89c0e96b378af86d1a8,6.6,113
3bf4e6e10fb426ee9787a9c9e0e5720073d3d868fef883cb7e9ecc895ce8415d,5.4,113
5631f7b51a2d0dd7e8d79627a6c54567244752a22317c5d664fc47e1a05fe73b,7.35,112
ac86453d70a0fae35c11a209df796bf0c17f66b47de5357a47b69197892d622b,5.1,109
c6d4539f223237e9abe903c322cf6c2b20fb5e3ba2212b76ab40702f965b12b1,5.4,106
59dbb8ae757ffc459b87b82008d3e3aa12183fc5aa4a071b9f9bfebb96db8f2f,5.1,105
7798f367233c3eb2f55b041731496bf864f672c6f538b250e8cf2fba22cb65ca,6.45,104
b03403694bc4d3e78f3590b0baf899b0385397278598047ebcbfe0774967cf53,5.25,104
34f2f03b1b2bfa181e44f847d9b2bca3bcc8ec0ad2a82ea0fa2ad74446e3a922,5.7,102
ee86d123489e5ff8d865b1ec22c2807def10a6e3c9a9a7c892abcc0e92d17c0c,5.1,101
ff01e3126f620700f7f4f4abd90dc5b6213898f9f21f4264c29bf771e70a3b97,5.4,100
e794297b90b16f6e2161138622bd1714ff57463756451cda2379c725e8aacdf2,5.55,99
ab3649622d5f1dc6199508a4103e209b313e49aa1a9b5600d5c81f33fdc2444f,5.1,98
00d084869a2080755ba1f3f83bfac980fa2c52a2eec3c0cdea59b6af4a502e2c,5.25,97
e2a049169b69f8347a67077f2bd68137cae57aacce7860734f8c4e1a5f4a15d2,5.1,95
15f0c8ce3e570ba7265d1581c50cf0356d3a947c818b6bd2c3e7c50b538099ec,6.6,94
58ad17ae83930a6243a210495b87835dec59ab40f226f22c38041e69f971eeb3,6.6,93
1e33e2ee056f9f0a4c4f266062d2555c5fc481f3191bec92284a574bf9b4cae2,5.4,93
0a19e1b33e736bf4c5f1fca7ad4517c3075e27d14f539dc1cac6cf96488664dc,5.85,92
566c464548c3489f6cdba4124c155c3a482263510a550bcfc76c5e8289cb85d2,8.1,89
4c4e08085c7084a42589820168f99c98f8e087354afc8b269d57527b7bd427c3,5.85,89
80cf35ad888aba30359869baa19bb2eaa7afc4c8ad74fb6e3d31769716ae8e5b,5.55,85
a722395d49c3f740afc8b1a186482313f89b3073fd2eee6d612f9bd6d7313e9e,6.6,83
74e9a4092baa82592620743d6ed9e87fb5a9d3ac19c513b6ef53156395b03c19,5.25,82
4032b53044c4ec249925f49193657c17164d3ea8a54ff19efd27bc469c8fa4b4,6.45,79
66f725f30dbda96af39309b175292de0c81d930b93cf18ec49dac34f4ff8ced1,5.4,79
cc94759b9cfbf309245da68fac1afc5638f2a30f18d0576156ddb4f3c99c2597,5.1,78
afa8c0dd4ef0fe22a81a7b19465c16d0f8675492abb3ea041f62e82a544dbd0a,6.3,77
19f1f1e596a6381d2e6224662858f10642e9835b29f6c1a085bd7128a6ff2979,5.1,77
76ecd41c204f300928d915fdec8d9b48877b102b14be82aaf25a64e9ef1a0aef,6.0,76
d785f17a6d9fb9e5943af6855c5d5eb5701fa313f3f9a803b3738cffe3691bfe,5.25,76
85b2a49d11a0b0f62e3510f1aa84ef3634e967ba6f910b48c418541282b9f7ae,5.1,76
910e03b585eca6e488354bca9b30cf9af503c7d5cbdda7a93adeaa1b459d27af,6.0,75
c524016f22cdddda0762b7b06042766e344e68e1002352bb50f0640791b5ebc0,5.4,74
d475c20765c06b9e20dfdcd12e22be39cc2c671f0cd4e6008963b2eb081902e5,5.25,74
e5798836172fe9746cd0b6c214bbbf2150864cd37a7f6dec229c29a1e8e7f976,7.2,73
f42af81b241dd5dcb1c9f1b6baa3d44f190f270bb5917f77126affb7ff3a1587,6.45,71
9319702508b128c58f1302b28000e5672d5c62dfe7c9afc4f306cf12915e8b86,5.4,71
3749171e8117e1e5986715a46a381c1ff52d28bc7d25978f3bd23edf30ac8125,5.7,70
737022597a67968f137953c1a86f515871e94f6884f9d3cec38d2a90b373973a,5.7,70
1a2df34f6d7a6d611d1fcad4df50e8ec6f13a63b4a03a15115ad30fab046b59e,5.1,70
4e5152ed5a8f18f5eb11da6c15fe1e63bc5ad28ee3b3cfc2a68904c2d2d6ed81,5.1,70
0cf12018677cf71a7f80989d76c50e24ff6f404f8d529b7bf5228fe39d2a7415,5.1,69
798704db91d88c30c6b14f83f35db28a7ef409bdcabb0639c182f55a664cce56,5.25,67
c94d11c175811678acc3223ca7ed05543c48d69d7e84d8e97db1ee788d1d7b32,5.4,66
a8686138448a9e6c410e9694a2c7c7e08c24e134ffb1a75b7d07912643f77874,5.1,64
538c9202392b320b7c6bd6dce5851c1e48dd8103945508c0f052234d69d419b6,6.0,63
6a9ef98272c71efdc3be82187afee87c0378b4c9b99bc770e4423481e2a0ab3e,5.55,63
935a000c0faf267cb899e30d64efd1784565e1d5b35ec11d9c359911a6511949,5.25,62
3c8b98f26563c27b8e8a97fab9b5cc06c8074cc1de66337867fd2bb1a1d9b5b8,7.35,61
2a8c7118532e01b39ef996283e98784ddc34a41cf0b618e7fc4d80e5bbd0fef1,5.25,61
424c13302a87c8f27cbb603b1c74df167e39d0fa9affb34ac1408e6146124959,5.85,58
76ab40ad78125f302f58c4539ee1b45cc775bbfb549dee3fe3c17888ecaa66ee,5.4,58
ecfe724d29f0e81eb80478beac8e81865305ba85205bba4f6ea8e6966f749372,5.1,58
a06f972b45c37c37397e184f3bcd5a42bef63fb3e96288fdc1777908dc1c3a0e,6.75,57
a357081a0fcd7cfb9fd63a75c587ff5bb641314a1272f60096caa3918e41b3dc,6.6,57
3921251825315416d46b8367b525afbc444ab398d442fabfbc4d4ca9aba83aeb,5.55,57
cbd5202f6b282bf5f8c91c50de95b6292d8bd7a6e20c1dc1e66a7d7d52297142,6.15,56
80db126185cead54b11281e00f7149a84539b04ab456da5badbd59269b805b4c,5.55,56
94d0214f5f47b01e0492b083301df900d6e50a43c08ac62b04959af9d41c43d6,5.4,55
1dde84ac6325611ee6151fba61bc1b85e395d6cfb1d656bba320ea62a6cb3f9e,7.35,54
7a2ed67d88eb31ba260fd52ac1dd85c025aa55b8e2a9b471781e7852239f58d0,6.6,54
a35943fa6a58f8bdcbab1c205d828bf1f543f90b785cb6995318c1508b2c9f36,5.4,54
f1e5529c970a071aaf0b67254bb3aa47d3d2c08db2b1e30ddff2439e8c5246b7,5.1,54
29dce7ce728b8b9c67deec4b9af085eb5310a2322ec976e3bf2429f437d6b949,6.6,53
d011d7b61dfad90e81ed2b5bb570ffc52c6e0cb3545970c469478bd4a7a47d55,5.25,53
80ff222e74417fa4455aef01317fa7f07500bf7afe5806951448dcf125f3ebd4,5.1,53
fb68c3ac4648899f151d19a0539fe13299a91bb5eff7c640c2c5ec6926ea9cea,6.6,51
8f5816ca0dc283505c58bb2145e1894b9bab195aeb21a4b646f6a98f269587bd,5.85,51
392484ac75a93b3e7f0bb9bdc8c566e753e1f88c0d69fe44e7d34aed188ec91d,5.4,51
9e93e8687804bea6b13c3d0acaa25d715103f86bc2bcf05337139431afe35b90,5.4,50
608a49620bd65872bbb82be99114ae258d442241d67ce3df469f842091842b26,5.25,50
32859027712e05f082c085d6dcc392487fa6e2329ee29b611103e94fe87a6d16,5.1,50
2a647649592db5231082119cfd17f985728a5d3a6a7465823bc7a583e5290d30,7.35,49
92c968f162309eae153abbf17ffb3f6cdee41b7de0e92dc46c788d20d6509615,7.05,49
f99f996074d245e49dc177eaf58502582f1e9a620f1cea3b351e0d42b566a243,5.55,49
fdb886cf602bf2964483ace64c912df7f3e0af54377643643ed84567c2d77ce9,5.4,49
f31f73e09532f5c645eb48ea438a6f9063f2a5888264b0a981d7e5be18fc6c72,5.25,49
fa9015f890c94c18040c8d727578ee481589b878a6bf6ce9229fb2789ac14c10,5.1,49
f65a938709d2bc945b0284a9ae7b8d984460c21f82b839446a95b7111896ef5a,5.7,48
d8d6e83915ff92e6ec2e80a782a286aee451080e4219367bbe18a24daeb96baa,5.55,48
878c9151876ee4efdd808bf3e6fecbcb4852599c0acfef085ede250cd14b26c8,5.4,48
baafc42a38d56bd5792abb8ef4916d65f61731da69efb2ee8b199da53009123b,5.25,48
aef3c92b1c0b94b919a92cef8870f0e905f117cba823eb63951b8c2464554e57,6.9,47
6d44f56f84cb5d8e7badc5328335b5c001b7a7a5c4df5be04b17163013701961,6.45,47
975700c304356447ff361e7ebd70402ec410458d3c3f0532d3b05fb8f06434ef,5.7,47
792989491d5e5d38c6986a9c1b2326ad5d9b19800af8d6ad5638488b6475d591,5.55,47
e19f53837b4067dd5cd176ee34b91ccb27ce6fb1aa1468d85b8d49031a276dd4,5.25,47
c04cd86a1473df3f2e275d78dbb7ea556bbd957b0f6a597b6aa963f7325539e4,5.55,46
6515a088095726b0e6d095ec022d1cf0e7c3d8a57b90026993c2bb79ba823f73,5.1,46
502a148e493e2c843cb8b9602ce10941df12a61ccf322fc04f6b44916f10c0e1,7.35,45
4d5973eb883c643e2bfeb620c29712aa611dd3233d26374318119e053b7a0a4e,6.75,45
bc72f2792613f48b3e045991095c6eb0ad2e3d78ceb5dde91869f19b9e57618c,6.3,45
fa02e89751cbc0ce4a878c45f054718085e0df8034668b0af052f50424824ffd,5.25,45
eb25e9096bcaca3cd1a73c7120271084629b36a0fb7605dd8db426f7d2d67a51,6.45,44
9079823c8f874bca602abeb15771ffef23fa3a5a84ea1f15774b829ee13aac9f,5.1,44
214b0183978f680c8b405e9858087c03d78a90be6f61bcc09f73fb94bea6d3c5,6.75,42
325c403a546f4533bf5db8fb4363845a49981663f2a5cbccea169f4a675c8350,6.45,42
288fb37f5437b5e94ed369ef6b412cf7ce821f8d256256171fe06739d4ad1f36,5.55,42
eaa3b69d992fdfb52c2cafd39ccd30a3310dc00661bdfc386f63108fce2a56a6,5.55,42
983ec3b54027a1acb511e99ab72f89e2429e0e64f59dcb55210127d5d19da258,5.4,42
1af1f0cc16bbefc6e89ae6b989ed244dc81d14c9d7d3ee764173d68b0240613c,5.25,42
3c50e24213be8f207cdc4f688216d0c9ace7f25d7920b5c1d468df6a0ce414ca,6.45,41
88eb6156102ab6fc5d682a0c06c5df1a336e107eb33900757f4e196c00bb629f,6.3,41
21ce264142d123c6bba5ce62cd9d2bdf50b811019f297a7a91ebd255867be945,5.85,41
b376e65603d6a11a2a4c1bdd900fa77a313a75f2f67977afb9bf40b6f1ef17d0,5.4,41
30b3b5714486735bdacbaf732adf8f16b3b9d845edc4122b50b1eb2015946255,5.4,41
9f6105109de3bc22f0fe249f34e111a2394f0d5ede9d59a48d4ff65370a25cd4,5.25,41
b3a7e66e131578ad9d0b6fde7ed7ea22b8ce31d8180a32a2628647931598cb47,5.25,41
d40a11cc5bc674c54e7c20c62c1018c3d784a5fdf2994a4780fa49f332688cff,6.75,40
f04bf4413dcba5249d3c608924f528253d842a51c9462d86c933c2a57f3e43a3,6.3,40
e7c8b26e9adebdc417646a7f7f920dbbffeb69b370ac6d4dd9a548d13338992f,5.55,40
af752331845dbb6ee4807f0471dc3262ed37728643c0de858ad6b348f53a9b4e,5.25,40
3a8b51446c970b25a9e70f6401ba49268367b8a0bbd26a7096d3fdcd2c38f985,5.1,40
02c5b1b330d7065f58e40c87b5b210fa84b5bb7cf8fc289a1acaa5921ca44303,7.35,39
aa4dd7d233d912be1ef3858bf88c456dee0e5786739dde6004ab3e9db0de1660,6.6,39
950a56ce18c000b2239016f40ebda8b210090450fd7e12e0474f9baa3902c6ea,6.6,39
7a555258482523c55bfe7117f89c34f667b2c06bff27813911accd4a214d3932,5.25,39
5a43766a0e0937fbea0e9d7c3e675a3f8be7f0456116c4b1c71409d4c01c90b1,5.25,39
f759b1ef19ad46e1492aacb4c7bc91e8208baa923c45c4392810347c0ff2d900,6.9,38
f5b729dc5b1cc9288ba3bbaa2cae910e79125b7e38f6d1d61d338effe57c6fe5,6.0,38
0b4a43f611a174c7514794e55d93fe56e20782f5e8b9afcb929d62373731300b,5.1,38
d064824d602ea91ffa7657c46c9782f7b816caefba430d1e178cc6b0bdbf5af4,9.3,37
4e01e304475f3fe64c7d6f415c84156a7fe5aac0631897f112f5b23bd3b92f4b,6.45,37
ecaed5c41eb725b391b0d1df475cbc645b2877796aac8741ae9471682ad39261,6.3,37
2ba613c27cdf46cc433470e22d04a73d8414c001a21cf427e3dd7996e94b6d35,5.7,37
1353929f30b4d49891e9bac39f9475d48b506efcec964a5ae193d8e64f3da082,5.7,37
a5afc21105cd1f52d641bc39c0bb5389080b092b09116d53319f58c617e33aaf,5.4,37
fde7068f5c4c3244f665f7aadd821d22d0f91043fd13d175a0aa10a722b38222,5.4,37
d357c080709d12b4960a04e119b14d0bf5d2f915c8aadb3668e6d464ee3f4b71,5.25,37
b8c572bf07feac054715532b60165086ca140493723a2b6a1d723a60743b8995,7.5,36
9cec5145873ccb511d4544050daed9c0ed2b6d66932c3addb0a5bcb5850d8f45,7.05,36
550fe7986e315cbd158dd7e82c3f67ba7be162f2dcc2284d79844b417f3be799,5.55,36
a6e8d5a9345c50476793715bac62fff2bf30aae76a8534a71928fd5f240ab2c4,6.6,35
3301746007c887b3e8dba7284772cefccae28310f623e4f5051bead09859d8c3,6.15,35
b4a979f52331b81fd7fe7117c87596616dca59b19e8d164ded2aeaac34f7a43d,5.55,35
e37473fb030e588f3b2a8b593ac0ca863866474c89b42367f175e05748c3ff01,5.25,35
3325e6e7805fd31faf58c5c3b266352d817459335003fac7f78700b79bbee40e,5.25,35
a5d807d01ae497bd02c5a23674072e30994e977be274afa237a2337691325133,5.1,35
0d76b00d363701ee43b3268533b4fc65b22857d292113d9e6197d2c8311582c0,6.6,34
b5d4d75f2fc5f8949f2622a4e5291f1daef6483399543708a1d60e51d6a526a2,6.3,34
ca572167399e8e6e33ee55b9cb4c22e4202e3e03d0f81a3f27c2d6bb07e36204,5.4,34
f74dc17c408d85a6f5f4a3cf39f8555c53e3f43a2e4a883de9200410bc5ee685,5.4,34
f26519678d5c9ec79067268501b11ed51f5f59fb60d02f2670098461e2f7ada4,8.7,33
2a6e32a858f0cec60f4e31f3363eace3a4c2b17b37ee90debd8190cb51a3dd2f,6.6,33
73e006923c46acbc1827a87ffc55a6465c0a0870b4151fc596fba4204c65cb44,5.25,33
f16b96cc1d23f638f0f743f81546f201ecf49efae46a59d6246f0dac83012125,5.1,33
05a5e28c3324b24939f13e96eb843dbd6cd8970e987caf6b57236a96b1af69e6,9.15,32
a5207562442175c68fd7a92f5a979b569c1e54ba051ddcfb5cefecbb2a129cac,8.4,32
4887351d672e9345c44721188e081e394891917dfe32f189909992acb3bb9780,6.6,32
18b9b18c9a23c7a1b71f8745edf8810d4a5d5e8e3d787b1b02f52d82a78c69f3,6.45,32
a47623fc3dcaf02bb58b2a662163449cea8c771d449e0d9019e46af793f34dfa,5.85,32
5f8412bf5a28861a864bad7552177d466b731def016e37e5e3a75650109e6ac9,5.7,32
3dff001b604739c265f7a3af3090722d09e614229ea554ec3c7e0fa9b9ae7674,9.3,31
196380a81e24ac89265e96862a53c7ea70d4e89d7d355699e72cac8a48611220,7.2,31
c2f4c41380216032e6878c03244a95e600335cee1864ecd2a0f4533c46e13542,5.85,31
0b5994603efcda3e6b9efb9a8a16fd96b75cbe7e3381eb978b68eeba75984c76,5.25,31
a68f797c16d3111502e8a83387840078ab444ee0ac22666b048a18a3903047c2,5.25,31
adad44a9016acb0b3d21fd36bfbe7e7d7b02a3ccec8731819a8ed7cbbbad184f,5.25,31
bac66184150b0e58134656a36f4bcac782676948ad9cb7fc943be307eeacdf66,7.5,30
9e0f550f1c5f514d4d5f15d4b3d19b63f04f2f33160b2c4bd6341ec33e513dae,7.2,30
9f92c491936f93fa9f7dd759301de43b5eb503a8f38688b8293de7a7a708a633,7.05,30
ebc9754d1908395013d3745fef29c4b6113040f2026e9f9b872188cd93d95e80,6.6,30
8bd0589e679aad76cdbffaeab45e350c23cf54658688ca6d0bf5a69356bcee60,6.0,30
a1b6d18329c18f2c03dff0f1b6d40e918e319711d010ab3b44e3746f39cfaba2,5.85,30
c2ef44df27704727fc92e391c232e0eae07d56bd6cb6f3cd26b4afd3569857f6,5.7,30
d71f51d52cec82713993a64913878a17343e56a7c4f1aff2c2088af23f02c7d9,5.55,30
d03266525e41867aa5e67823b297a0318a46eeb8575547e7d11ef65f150ac543,5.55,30
e405a7243c9df95f32c418075dd94e1d36486a6fb05aebb8cb34b5157af2ce65,5.55,30
04b9027c509cfc754b5638c667674d0ca4f7179be6a2e79ec91b1fea4b5fb599,5.4,30
fc60b73c36d3fd3f5f97e266091486a22b8a422eabfb2dc1eceeb260f654cd8e,5.1,30
13e6b28d567744de3c98f235758a9ec01f2625695fbb1932d3edbc13b1550e7e,8.25,29
b737d2fc9cf419222f5bf7f839aa171acddcf1661acc85e0018bf0dfc8b4b3dd,6.75,29
c604b2fe82dc9251f8a6d965b6146b258f36dd2a5a1ada71f0174159be5212e0,6.75,29
db49c48d97a1501d40c33cd0d6ffad08cb8020137c37522ebd23d45571e0ce64,6.15,29
4bc7c0cd14776bd043c44ffe43c212c6f0d8b8813338e158d317ec2ef8e34fc7,5.55,29
197ed8b846cbbc2e28985cf103602a2fe25265a4d6bcd17d8e9d44c36a588ca2,5.4,29
f5e5a6b902afd79a2f1d519d0e387bc8c1b838662c7b78084e62b6f3fa0d36d8,5.1,29
7e0fb5ee22f3cb437bf1b71e893308b3126a4e0fe679a9062ec4ea428ad0e663,5.1,29
becde4a7184badd6f49f575f374a39a8ba79d2ae5ea1d372e0b947f931d256e3,6.75,28
3f9048e88d97153a757574b6f64ae8f733a25693b372078de4c67effa6e53d47,6.6,28
fb9c94d400c32a4a73e72b2770baf38eb38663d71a87a3d44e4f52e1760b1c61,6.6,28
9402526e72e877a783885ba3594664b17534c87bfb1f051357564a90310d8944,6.45,28
3350136b1ed0652b920dcfcea7d123ee9b5cb277c42dc6e35e5a738fae8b04f6,6.3,28
d191d20b94da7225af7ddeba04395fbd3d6325ba406d8363861998c8aaad3d86,6.15,28
cafc3682092aa44d01648a5fe00facdd7bb46f00618c7060dfcf7c1acc448c51,5.7,28
67fc39968392d8c50371aec702cd1da6c5eeb7d013ca5ab8d09bfe4055017148,5.55,28
85836525301087e486e3f240a8d767cbda8fa7b30da1da279e38c446e87b6a12,5.55,28
0968f86d7128302540dd62257b808c1f2fbd88df1cf92b75f4818d96e7ff7b7e,5.4,28
dbb606e515446783604068a48d12943187b3ea88621d9e4d9205e5ec7c5a436f,5.4,28
6cbb41e765c7579e73b5b6a6da57819d6e22fa6ba293795002466676f595590c,5.25,28
093331f05ee86e4442c805f71b6088cb74d084c4e76979dd5f8f8ebcafaa34e2,5.1,28
66f985090894599a9d2215db44c90fccdec1c00d16cce1da375b3236d7812fb8,5.1,28
25c764c133d2b0a9bbea509c3fa44ce54ef274d69e2fe93c448978f94d25811c,9.3,27
4195e4df812fc551757c56adf9d175bd1a1a53825d9bef7a1436195de2642660,7.5,27
3e2bd31e03edaae909fa1f4fe2044fb7597d8b8f84f9376b0324f3e1cffe5d71,6.9,27
616536564777d466f6253165da58d1dcb963be69643fe27a11bed9790cd44cfc,6.9,27
1a11627c1a24807b9336f5d8e01841ac6b722ee900cf9eed78dffa9dac282ffb,6.3,27
3097450d708e3fcae28ea6ffbce42e9da11b6ec17b33a0ff9d67354ba1a45002,5.7,27
8d79f0f86245774074822ebbfbc0f0ff3434223878dd81d7aa902917fbffa021,5.55,27
dc1821f045a0e38e0ca2c3f3ca7f6382cb24e4d78eaf7a811675b2b58794d0d7,5.55,27
7686e1a88655bb8de8189ad40a9aee3bb1d1da8534395d2ca584582aa53b7988,5.4,27
eabeb5cb5e2194479b6f64532ac70fd1b17753b5b4ff5087f5b3a5bd36fae531,5.4,27
66e04310268a6292150a24d8ec58e6d0ec4d88b889c743ea550fe5789bbf95e2,5.25,27
58d7374b09ede5179aa63a5c62231b4ff0ba2d493782e6008b5860716c2b8e69,5.25,27
51a114012834bd40d6b0f37d2a58376d45d178622b6b0d6745d45436f899544c,5.25,27
9988765548c6e660e94f8e8f307941650785e92cef3a8875fcb4246cc81503b8,5.25,27
24a020019ddd4376b8a26497a0e717c0a79db33fadb021d36ed75197395b49c8,5.1,27
4009c7113cad0508fe0f677052d3472f2c158c4f69d579abeb26ae1d0f1dfc6f,6.75,26
725e137b47978a54597825f370f414455d20bd44c14b2f415abf86b0fb790ba9,6.45,26
c5852395925fdb063c67601ecabd15022309da1e02ee140fd57295eff9a2a713,6.3,26
7c4355ea51c07596971fc15e0c62ce4e167b1377c6ed557a55a6f78cb0294fa9,6.0,26
27f4b033124f0904fad2f58176fd7bf67126719b51d4c805c7c3fe123b2f75c4,5.7,26
52aa175c3c0bb886a27bc201b21b97bbda666db2cf7306c2c8dd11d9196c34a5,5.4,26
1fe9c6723e4c6a4f0f436794156dba882c13ec2d571a7818d33c943558669ead,5.25,26
0907a67203fbb5affd7c12e26820c32012379b284ed616e1b972dee49ac560fa,5.25,26
6ad5265b7e0e2169a67526e0b7f0ca012e077aa70fe5ac911f8a004c18c5159c,5.25,26
f1653030083c5d3eee9e6b2023c3d90e3bdade0d4723e6be4210381c4cd12b45,5.1,26
82b723df3ed3c738c1d2b917252ab81f9531ba23424905673c1c2e92405dc407,9.3,25
bd2f796e7bc7eda49b110d247148ec0b25cb90f1aebdcaad878d7ccdfef9d234,6.6,25
d8e8a6197d52d5750328d329ab6880769e30a2ad45c3857b591356f495e7e255,6.45,25
d8ca890e1ac7acb407a738713c663face55b86117edc977ca6b4860eb7b98732,5.7,25
8c2864985e65356e21e11edf61beaec9687ec2f45363c22d55ba64399e3db3be,5.4,25
68a783ff77c22995de9b749278b3297677742639496b3aa87149324a2e4c57fb,5.4,25
f7b153aa19354827f05c86ab71ddeaff0c7d8213ebbc9c361dec4779b8a91c62,5.25,25
1f5e620518134a0166ad2d78603cd5437a02ef26a0a85edc159e94a2902c00d9,5.25,25
fab839186afe63c3b02839c53c7a3b56ad57f665c67baf3f87b8d1eae0d3e896,5.1,25
b1a473831d5de8956a0e0d25af07b2ea352f9f81ab3b15399afa23e12574f264,6.6,24
20bd539e305ca365d1d13878d574cab8e40fb7eb1baee9ac6248b2fea76a41b9,5.7,24
0e09d381935c535734357c2ca43dd9bbe16199e1f5531d6aeea2ff3a7f452130,5.25,24
9a04f1ac365eb1582306713c30ce19ac591eedb9cf8fd0641cc59901edab72ce,5.25,24
167b44be1e3a6e296300692408927b8a70ce37652bd05d4e8bd4220ebcb072a0,5.1,24
bb6388e69e51a34e87d0bc04edc66ffc02a2aa6eebb65e238c690e66b45e95ac,5.1,24
07a9a8de2affc98c269a88112e374a72eb2b05edc7ecc044bd960c2dd6d06c22,8.7,23
cea1b29253a0bde2df05eb7d88d06f86cc30435ad4909248a6b166cb49af6ea7,7.05,23
f9f717b9464a7f650b3d7d10ec53b20e860fdffeea322125c62f49149f448fe7,7.05,23
cc022903589833a8abe4188737ae594e9b9f947eb128c2afe7f91807cdca23af,6.9,23
b08cb4342cb8050e567e0fd67120eb4bc1c39bb3c24838b27ce63c8aa3e00c2f,6.45,23
b51276d9887a67312727711854aa83ddc7513761ef3d8da0f88f2688b8b51b98,6.3,23
f664c1a447ebbf821ff872cf0456403fde74a80ae9b193c0eadec07ce623ee7d,6.0,23
8e6295ab1de765739d7d9ebe355c96d04c3f14842d13a9c9461b17e9b6b325a7,5.85,23
a2d0c27562d4ab690d5f2cb586ed44916781ddfbb6c4e615b3e8bcb8ce83efd9,5.25,23
91a6017f209e11119a749746a68c449593570a2e22b23ce046b04d4622b1b5e3,5.25,23
a42a32473430565d5e9f6bdfdd13055dcf4b03024bf74bea58ca7fa5c7aa54a9,5.25,23
16d9b8c380c2176bd9edd632b6810e3b4c6914c9ec1ff3bd73625a54f621f6d3,5.1,23
759362964da1101285f78b447cb1a18264a0c2a6a712c98a56f129a20c22a0e3,6.6,22
a41e39c4494cf48b77713d3180535671d0bdbf5ca36565b7ba74cca099641340,6.45,22
14b2b3a157370e5e949f81df75580a1d426c877c5b61ee4409567c5f4d491765,6.45,22
452528673e59f4ddb3aacee2925c017c6bf25c956fd6784b7d9050edc830419b,6.15,22
5f3bd5259f536e739f3757c7ee0e3994b9f81c8ae5b380c69cb2ac80f691edf7,5.85,22
14d606579773162260d757a042865f3f41190985985d53b4dccb774b7be49f77,5.7,22
22ba578406580b9810dbb71c03d8e532c92bda1fe28efb00738550ce7de4d1bb,5.55,22
f7cab3da9fab3cb8000c033f5e5babb790d3d55d18b41c6de9029d4ac955f2df,5.4,22
893122536c686d610ba8342525dbccfccec0690ce055becffb09db6c5b8c7cb8,5.25,22
84d9469f530a32ba6f43296076b292061a5c1a9252dff9937971d062366775ba,5.25,22
33c1a7d81a683f07e1db41023c5d18b73927a8c529892be2d5e23b2a62457aff,5.1,22
40a2960a20baa8087a798e81aac15f224062611333f67af17170bc7946e4e043,5.1,22
89eb23262fd3326cfe420a48990e1b2ed10f338a08cd566c352e8824c21da85b,5.1,22
d17f31773e28871c76889bc5cfab470b9958d96f5b191799c81111c814cb9f45,5.1,22
5f4ba57612350f33249667bda5e5f278a1e22876000d5ddddcb10a2af9fb0883,9.3,21
d7ab329947b032b30a038df28da4060a46e5d5794ce718a7e5f8dc7e5e576b36,7.95,21
6eb9b67c4835d4893d249596eeaf81b791f165ed73d83bc9b8ce18891b3aa54a,6.6,21
d797855e916fdad51e39c1c379da2e53e35675c00b375d1636aed5ac90e68055,6.6,21
0237c2d311bc5bf9da9634ec6c070ec2d187ee0f20210d5122fdc4b519ae593e,6.45,21
25dc14ba7ee12e5d32fdb46165788dcaf960933646c845c9c13330876a6b6f0c,6.3,21
97ef53cf401ae6ad9a82d938ef7a31d26d3c7e618ba7b6e260db61a1517c4145,6.3,21
4c4c62134ef3572055b669a2f8ca30a6119238ca5813b82ca484cd8e3e8f8b64,6.3,21
9c85a25602fe4af2914b23f707cde1c01763f9bf382720b13838d7b751623c54,6.15,21
48b9d57368a5a6b22ef948de312b16827c9c00b4d909421a8c91856f31bdc11c,6.0,21
f2b2c5732dbc02d1542c4e4828b00d42cb9b4c8fa919ec1d92163a4364e68829,6.0,21
d7d5f94c2ed85448528343306ce9723fa5a3f5471d604dd8bd73942dfff64438,5.85,21
afcd91c42c31eeadbdd33ef42b443f4b90d65b31836e19719ed1ef29dcc0341d,5.85,21
a2d8879983400a7d8fffab63e1bf3f7f39696c74385cd7b479dc9a5a96c2aacb,5.85,21
bb3962934c79623d8c16661d23187de5f7736e41f0a8a2a076bb60fe1844b382,5.7,21
7fbda15a9dcd76e53728413be131e5099ac502643fa5dea1bc60a2eab49f3b78,5.4,21
3a61c7ee7a6ffbac57e10559e17457e441754a31f4a67f30740e87af501ba82e,5.25,21
6f61b5539ad37da2054409e4624f2011b91bd1a527a27397c6062b081a272a17,5.25,21
4076c87c352e3957ee6283c7b0b9d999fa4911a899c64497469c962b0d5b343b,5.25,21
a343f1e25ee364d36f8af66e198413f8d487a8ee191b1e45d0e43ed91f3ad4de,5.1,21
4cde167a87ea5ea55f0af9372502112d153c9d4e83eb7b810d657547d4c60933,5.1,21
97fcc92f50bd0dbbd846239865570c04f864708bf47abe9c3343aa4013495be7,5.1,21
8d1f24741969de48ef241164209e628724a9bd779f01dd1464f69004159054ae,5.1,21
88afa65194e06b91ca1d098ef774b972e1d8b65080b341b6c57b583f50417547,5.1,21
0b0c92b46de1f873b3bd12a5164d0b05b0f2e143ab5691e4689a1ded695a27a4,7.8,20
1bd5e8e92d3f108b332ebdc78d7d09c8d6d52d6f25ce723c55d19f19067c5dfa,7.8,20
f87f019810de9a7a0eaa01e6be555442dc9dec86bc519208673d5f8ff6326860,7.05,20
f8e7c1ae48e4f0773166319297460b51153872d9735891cdb23950cb8600e884,6.15,20
b349852b4b5629fcf4264b1153aa2fe4320f04b9ae48011d08de67f61722dccc,6.15,20
cfeac7dd7330859396d4d699528ba74c641c3cc479d63ef9f5b739b7daf5db99,5.85,20
d77203743ddf7837e1a9093722c55fbaffc1f587e91005d4ae1d0a1e09219919,5.7,20
43f162ea9428049cd3e4428def39e20a4cbbccc48f4f438e4b05b9f7d2390c7d,5.7,20
92f8c0bd32fbe266928294e5aa3b5db0930e09e4c09b028ecf9c82231a1c5145,5.4,20
4524e7ad46cfc2d16844f7f92c0a2bb2dda611d1a1308b39d7b92f69bd0c472b,5.4,20
57b955dd731c3de4605e14e1c9c4a38c5725cbe5f400ceeb1bf5db9163e61701,5.25,20
6cc1029c0ef4a483653882cb1e56acbdcca01f84e48e5ca3b09519e0630390e4,5.25,20
b3cc00eb4b9c2811d28a7d12b66422290aa3c4c69559b30188a36399aa9c22bf,5.1,20
1a3e824c6d12c3fde6f002de6a5ca9f520781713d8898afe1c4d121614490333,5.1,20
b94127f37b510f30e484894f7d4c71aaf03841305631b6eea094d6565ec3ca2a,9.3,19
847c373b161ac1d08720cb1bc00fe618bc43186f397d646d8b4b5a273ed06a36,8.7,19
c60760c623ad377e56c22f19ad81a87501243aa1ef548a929665837b4205c462,8.1,19
b0327125509649e30f765a9f5e518da30cc4f894e45ee2a8ece79878a3971112,7.5,19
5378496f43a5a2626ba8df18fd3b65ffebad9b102bd7b63e0996a83c747d23f9,7.35,19
15a9391a82e50bdbee8f19b2ace0b0af1efbc6a392d993f3666f46713b4a9196,6.9,19
5dc8b68d4cbf1d8065e817cb93762b1f2ed358666caa5d156add39352254534a,6.3,19
f419273925c822554d109d1447b363082e2c3587aa108ebff8c7367115fbd8c5,6.15,19
47f8d530674831d315f700dbffd7bc1fcd93b102ee773a04a8bb7df7b4cc484b,6.15,19
f41669b8003a7e332f616698bc8495fd29bc16b4027f8ffad3326d57484f0318,6.0,19
475b930a84c5cffbaa2596a6abb4930313ce1c8e0a3742946c234a0aff348275,6.0,19
6c4bc0ea9f23e7dab08cfe25a6440a36de140c58236aa5797b646a6cbffa1b1e,5.85,19
55eb70f730b4e6e7c69461680c646e83604d7299e39722cef5e10ff3ad2e856f,5.7,19
fe53268c79a9e27d801280e6d66980ae6d0c6940481cb700f5eafd4abc0858bd,5.55,19
e380b8ee459309b22b6222b7302e2eeb6bb73f1314228bc702e0625306d6556b,5.4,19
11a853cb6375e8ea80e293b35222409fa7cd56570624963e595a9fa4642df18e,5.4,19
294c66fa331c26629f8666120a66a620041009c8f7cbfe504c1ffb9c52b4f0d1,5.4,19
dc32014a1fa62929dc81b145c2df03d6896daea3aed75225edc2e1b5f1a61ad6,5.25,19
9c0a57587ebb3566070048695ad0665a3b671e0767b975e72251c66aa4263a04,5.25,19
4ff95832193e6b1113dbb2f8ee2df941d27be230b9ce98841398411143199476,5.1,19
f64c445365742c9e36f2bd3bdfbfe4798056ce3044d52db09f7b4c2ff6d2bba7,5.1,19
cb1213bc926bc71e43110aa757689157a4d5e9859948a0cee9b5b272c88a5e65,5.1,19
e24a54239d5e0b98ddb3c66f38d010b0cbcb800113a6bfa8e6c3678fa7a2fc76,9.3,18
d1cbd4aa7188ae13acc4f4e362cbdfd7bcf810203e5ad3be227304becc4dd2ef,9.3,18
fd6c558c5f1c5f1372650876d87286550688d4f58e2c254774203ef3f781bf20,8.4,18
f1e8e2a00ee1143a6e3d5df2117b3dd13cc9e64b85cb845aa10b51f91afa1f7b,8.25,18
2a39e8c99837080cb68b5a1a59272a4c9689089bec62adad3bc9e4e14df0e9ce,8.1,18
4717505f5af534f9e18130f61c91026d08ed17a4e227d8e472a9d1a456140f86,7.05,18
c6ac677507a5f11f6f61e8871308fdee612440b66d5bf6946e71f01b6d532c8c,6.9,18
bae903399a4d68467ed1c1f81aff42b6ee715c9003cd27a8ec7e987845beaf71,6.6,18
3f67b19695298597d5cb1eb41f87eaa6c2a0547f9960e955f5ffce688b7feaf7,6.3,18
e34046a758e11d3484f0893bba652cb9eaec8428d9384b0c2de0bb080903df6a,6.0,18
710878765b346aa792b851d615b2fd93cddff03dd90a625267420c494d10632f,6.0,18
685273361953cadd7bd14576b169e85be6cb56c5e3bf4aaa4bff32ad7911236c,5.85,18
997945988a89d5618a5443f2aacafea33a809187eecb3784c5f848076c2f2906,5.7,18
8ae245f888ab1333d58e3594e22b5d0c6a05fea2846256cedfa5faf2d383b320,5.7,18
bb4153b269c4fcaaba04bd8b798b91f3063876a00bbacee4b3507ac7e7071df9,5.4,18
5011c35d4ce721f88918343b707f5f960af5883b6ee8bea4dcd1f7f267939c04,5.4,18
7374662f54a1c7e37b55953759e31d261df47e1ed321bbebc2a139042d60ddf0,5.25,18
aec0a49e2c22934e67e071345b2a45663af29d74f3c6f22adddf1eaf89cb49b0,5.25,18
cb2699d42ac427d67de03a0fa22b8b1c378b31f9efb592247b909b4bb7aa4b1f,5.25,18
5d70941f29d3569c1b34d3062caaf94ddc41c62fe2bed0dbea829e623bb90045,5.25,18
940bc11c9ce5dfae380eb35a8a02ee6ab0e8f27d798f89aadb6cdef7b9432436,5.1,18
888da8df24373bc709a628f10655c9f809cbca4e7d54cf8e3cad159b7dfa396e,9.3,17
d00351dc97e4082c7691d8afb8551e30eabd0d6122fc2bc87fe9eabf8ce6b7e3,9.3,17
4fe988ba67704b846731046bf838124e41d333be4edd6270614d6891e643b030,8.7,17
e1f2b0a3528f38e24c6f9ee23352f6efb739b4912537b3bbaa662bb8ab1677d1,8.4,17
438771d00116d00e7cb8e8b909e1cbd18cd5ede906502efdd124b2042f982ddf,7.05,17
607e09f460fe70d1cfc7e9526d68496db2c77f1f0a3f1b7c64e296241775f23a,6.45,17
761672418205aa604c38ca2210c6c0484df8a52a3ad597355cbc5e5a81e0cfb8,6.45,17
0864a0c12d5376ea560b91c9ec615bdf8de0c020067069a835aa0d480a62abf9,6.15,17
ecb6b91672eacd72e0f0668c42f25486f258be68b336b63255469ed49c858776,6.15,17
bcdec0457e956950f4ab835bec17e8c0ffb8cb910d87ac1f49f2381c495344f6,5.85,17
e36c31a25cb8bec35cf79e8d7590455657f9e5160fa53394f0ec480c7e90279c,5.85,17
cc56e1964157f02d15889372d22ad2a09b5665fb5722f5a4f78818bdd6f4af21,5.85,17
9e5cc0243e3caca54f061a67e9d54c3959f1672b574df6e897aafb5a57153274,5.7,17
0cc2b791500ed1172e1e8e54624ffe210de3367028b0e2b6c98f1259cbd155d8,5.7,17
e498f43499829f4f88a8459f363be195547dbcae8845321ce5a05f36626b206b,5.7,17
a98bc6610a8730034fb2028a37752f2aa3410031a8e2b5dfb5b3944f948e048a,5.7,17
4fab8304591ad086284d817ca472aa5fb29a4af7fe90394efacf55d8e10b284a,5.55,17
7e6c867054fc3eb88cf2252e3e37840c022587bbb1139eeaade9fba9e4c692de,5.55,17
d04bb131456e9fa5adba520e3d0f269f16b648b8e457e2b32b7cedfebb1daefb,5.4,17
0ecaa68f0ef96256060d1f18cd7adffe8693124cf8db5d0291135b9206350ccf,5.4,17
21adf5c77a74c9d6e2c4825771773098c0255c378198f500275884ec7d80600b,5.25,17
58a372ba921100c184a73a700abd9796502fb6954c3ccf8afa9822340706a254,5.25,17
92f8d64683941fc46661d7677f3741ed39c99f086e4a74f6547ef3b44119c3d0,5.25,17
07a765733d35b3321208e70bb295b5e25dfd9428192c0212950fa35078b6a2d7,5.25,17
330b385579f96cc594d68c9b81c21b3947ddbcad7063fa22a74bd738f921513a,7.95,16
beec46be87063a5b53d9dcf43814c2a3cc4ebf926a1b2413612d7d9984c9757b,7.5,16
1b7e22d4059ab3172949aaa2d4bb599d1ea348108caa17e4f7a76ece0a085228,7.05,16
d33eb9c1073e2ab667f9ffd8ca946b05516ca41736a208a6f318bf5ce787f327,6.75,16
cfc072863c7ae152a9297181bff8be2663ffc865cd33ea198d86b19f1f0cc09a,6.75,16
f91d1464138d8b997bfbfdd3acb5c764a04e9840f5c6676956234b5c6133f8f8,6.3,16
3f1b341a2e289b4c65ab606f7aed83624ec4a811482eeb19d5b81699abff4161,6.3,16
8b37d1987a6bb17bb308e3a61f0a508b5be58770ae722f1c75a7826055adae21,6.15,16
eb14b642066d19d568afcc2453277522f83fc35f213b49c04a734cafb7eb21ab,6.15,16
513f12198446b31f7c0d410fb1b9a9461fae6d320ea913999fdf0434c0788f27,6.0,16
e049d9b20e80430e1e8bf6d18c2b712b9e99d407204f76d404fc73e4b325c479,6.0,16
640ac671037aebc68e8ac40ba2c98786152a79d1fda294d2231a3a672691428d,6.0,16
22c208bc475945a97bfc919d3ebbbe5fa377a5f1d5e59563469cadae7ae09df3,5.7,16
00cdd2c6882ffafff2356dd7d381f4e734266d75bf80062063c0c1cfccb3a752,5.7,16
0b06a9ee2a25b45f840665517bbbd8adb2941cc67638e884aa3615be5795048c,5.7,16
f4b230754eae0ec126dbf3396c522f4a5c57bd7f8f76b692dae61f8875d3a28b,5.4,16
4f4459193205e0edff2842f42a1ea0aee6e7796b7622d19c91952d5dd19e2b94,5.4,16
b71a72ba1047193d1293fc178dec8100175e6fc562365c21e9024a569fbf8fe7,5.25,16
1b71a3031448d086f2813dead03bcb5232bbeffa7947df1331a8aad0c7b7220b,5.25,16
636bc065762d1fadf724dee82a77be025c76312c931eb73ed9069eac781de386,5.25,16
1160c5e3923cc452cfd2bf4c88f3227c83c3e2e19df3d68837d5b883f166832d,5.1,16
5733f92a35511d9e0e8b14529ba232c0e001e41ef476b9b0c7218df3df4f73cd,5.1,16
3ac709a018b8d6a14ccb6444ac384cbb3788b680a6d2f573712533a2bd663e9e,5.1,16
fa21c805414536484d6acf4aec1948a8f5bc1e06c2db5d2410128991931dae09,5.1,16
6517a12a6c415f0ca87af079a43d2ddd294b3d04ec30b62beff2ec09baf81200,8.4,15
79bc661b3f790344fca6ce6cb0a105dc3f43656ea23803ed25c0d1fd2ad3a1e7,7.95,15
1961c6a478bad6ec3d0598a59c7a66e5b61e1f7a24262daad32afb424bc0ccf9,7.95,15
3ac995512a2bb7b81925653db3300d3240006b4296f299dbe41bfdbf382b0a8c,7.8,15
c3af504b1f0ce5dcf519ee9c6d7d618403635c1e3c0df35aa9eaa76cd76203c8,7.8,15
155a185c1d665afddba63e9394e4110941204281109518c1f8ffc2d353e23dca,6.6,15
5ecd49198b6417f4c74f7e48b9d05230598f27139570734c7585a25454e50e6f,6.6,15
324d6944837e2bf26008c553fd7a45604ee3eb82579284f97096c59b7c185922,6.45,15
6eb659b85ce982e53b66ccf1e5f8b575cf59ab7fd735e6f31b6f03cc26f7dfe0,6.3,15
f3ba320c8de17010c1cac5e3ee913b7bd48d29551246cf099ef0ae5981e91496,6.3,15
31a7029580cfe1e3f6cda9ab858300456f7035228cb754366c2ddbfd737dcb29,6.3,15
935508128fef9b57d23c99c80836490e1ad71034662601b1bc3914c34c9ac00f,6.15,15
e69450355ed38a8ec666fc13b32d8363f71e0e3094102368f5d61db3b30a787c,6.15,15
31e366de12af5e75170482fe44723a16afc81699beed6335aab8a88eae2db613,6.15,15
5cf860687daec6c850f0816665e82edc76bdbee3229e16f25a176531f662cab1,6.0,15
d13c783596f61f9a7ae601ad0c4f409a6ca0906cfcbb1870c3fa93e087448ef3,5.85,15
da2ee30e90cc91a9ad07d3f482c8d471dab0264c1c6ba1101db4d897b0ac644a,5.85,15
379ae454815b2d722abcbf88a700231cfcc264a9dfb4997830482c1afd96e470,5.7,15
c35bf30a16e7a1f3de730a5077b0c7395fdf06957e0b9df934fe7d0073b5aadb,5.7,15
eaf622673f29d7b8eb13c9928f218c0261af32cfa31015dabd9e2a2eb983be33,5.7,15
94ea39284444715ea00205e0cf816d8e00d8c5c3a0d129fa640d9817751a2556,5.55,15
dddb956126b97ee369d3590c57218af3352dfbff194f3c0203bd2364d527bdb6,5.55,15
489457395022f73a8bbd8fd1cfa8c55e148cdbc530eb52aad5a5bde2d3f6617f,5.55,15
5cc7560811f43344a66827b5945a769bb6f597d39e377a775460811fd9336bf4,5.55,15
385af6e38567aa129304ed7a34a6adf2f503420bc6bda0580dfe79fdfcd2f783,5.4,15
d8c511871866a1e2f769c4a546561eb1734a656e3f25a5c437397232e625d563,5.4,15
971ee3008ebd51af580b230e7d5effba4120001a3dbff80b8db5bce2d25d5124,5.4,15
c15d26810d2652bfb4edef1c2c86d251b9bfbe3d90708537c47803c7cb7d6a11,5.4,15
410a840d1f102c50cf2a52cb4a9aa7e02e04e3ced70fcbd58ca3d90be8fccfd9,5.4,15
216fe43e352c712c06707a10331c6f9b4fca4fbd12b8740fa4aefca7cfd7946f,5.25,15
755de3115dd5e5750724ef2ca809ab7d2090b1c267dcbdb23002ddbf142dfa47,5.25,15
8805f3413ee26fcb44e210025b0689552fbf6af7e6de9ea9b887b3204775c8ca,5.25,15
273420818bbf0bf75e25e642304f7c5aabb46ea222deb77197f78a7f768480cd,5.25,15
254600e27fab9009a46713911da94f7d67ccaca01bc3fd22edebe9ea75cc7802,5.25,15
42739245098facbef59da72f7a4b93969049442e181cd3fc90c1c569b635e854,5.1,15
acfbd2d041b0061f0cbe2736fee55e97703e0c904ef130494ca574521070301a,5.1,15
303227338c7ab04a9cf5093760eec106989684cd65e2cdea4ed89095ef62dd60,5.1,15
6be608a96661cd9f9dd001c81ac65c7b7810af3c3c3c5360ae0e11ecba6c0c11,5.1,15
9bba03a9856a9dbff347d19435606f21b094c08802b05a54b15579864bf8d18b,5.1,15
73e954421784ffb3256d8f4c4d52c929df17b8b3d05d445e5ccc3338ca972839,5.1,15
73f4a78d5b8b540da16273f2d9773a154fcbfc881fac0eb51cf22388feb4618c,5.1,15
5a0919800c33d0b962824037e10696ddabf0d2677a9b60077511737342dd7412,9.3,14
dde4b9ad2876cf10c41daa2b4f11cf3aec749ee32676636959450d0cb07574dc,8.4,14
254a00d5573dfa0c235f2bb07b8726e683b451b28f274cbb5c210df9f36b8eb5,7.35,14
cf72a46216da162f71c3121b1fb9594bbe90f8ae90d96e638b3ff085cd926263,7.35,14
87fea9fa81d15cce04b62a03c2e645d590a509bc83546be8b79ea33ca644b849,7.05,14
7e4790ff255510a1c4c466535ffae1fef82bb93eb96860ec7a5f0aba85b7451e,7.05,14
0ed451f35af339b676afa43319d6db60eda43883249c573af9e14745f666c3d4,7.05,14
5d5379bc1c6cd5dbf7fb12542fa4a65b4dab52858207ec9a1f3979cef69f5468,6.9,14
5a52c3ee5c4272603a9d82d3d2469ff42c23ee7861e744ee814ddbe738683555,6.75,14
c709e0242b097663d403b4bece426489d6094d3bc07f9def2d93b8c0addedb46,6.75,14
c563d4bf55eff00ca93f23c31f8e9e2119fea0f6ce230760e7de0e511cf76625,6.6,14
74b112e54fb386d466a3e8101ca6ce6d9ad14c007c2121aead35177f25a64ae2,6.6,14
ea8e04c247c419294898eab56896765f51da814cc8efdf812f67cc8b8c3b666b,6.45,14
8776749733fb18eb68d195b489ef429385858d659b9fea441a9a187ccf00f413,6.3,14
63bc41a30e056d7c52ce70ea3b95d846665997d29f1022eb0d1b74e4a0d020d0,6.15,14
829345d485750f275fc70bdf8ff3914cf62935d8cdb6b008ce943cee544b758e,6.15,14
6bba94760876206b547a9d2b66d20a8f451393a6ade2fb6c12216813db1afa73,6.0,14
9dc5d45e7b8896fdd737706e16770153f9f84e86f487fc488d19a3e0281127b0,6.0,14
bd75d5c347711e989bdc6bdb99f38731e86a250f5ac401a667c620aaf02a2f6d,6.0,14
fde9014462a39287827e622c15a4ab6f0b298fb65dd581123024c5d62804f334,5.85,14
2e48b0ee4a0e85f3e84a92256f8ed181b436846a1e12d1fb4a14808d794087cb,5.85,14
c1dcf4f071d4c2fd18d66309866b8d8caaed0e9f7eb3e562329ba2240e552dca,5.7,14
c1b3c4d45c269e129a4c6b60858351805548fb7189d18bca66198a5bd91ec12e,5.7,14
793284b8868ca8dd0fe7b51e3578e7b7716420b195f2cfaa8097f0c8687331f1,5.7,14
5b2ef10000578b671ec87058530c5087ea0b4f7b802d99b416eea06280ca1e3a,5.7,14
0d56d3e88051b76f30ccbc352606004145a1c2d1f67e3c12a46b16bbd156c2c1,5.55,14
848ca2302c44c6ca534ac03e906556996eb946a5a387ba4c1310e3a7ae3e26bf,5.55,14
b2af966980cf5482f0084c5cc5434214dbb0712aaccdf19cd9bd82926276c894,5.55,14
b868295e104613d7a783b0f1fd5b49381b80ecd1808b4357dcf5d501a8248d5a,5.55,14
12280380583914dbf62db88e8b901a6dbd3f7746b726399821ad0861527866a4,5.55,14
9076b8ea7efb3d51934ae79830cde273ceac8da5dd915cf6b39eb39627b77a26,5.55,14
67d641fe6807bb80603b0b9904cad2b2763aafa4bb574673d603373c3c7c9cad,5.55,14
128ff6bb349917b71cfeee640087486d03d5795b7bdac10ba7d5e5b3fc908a80,5.55,14
7cbff09d59a262cdcb7d2fa548cbb51f3c59215cfcc402074a409bb10fdda26d,5.55,14
6cbcc67e76ea472c79a57f4f8b7cefe7397f759617c4e2b2f06a81f0385b0cb2,5.55,14
031599228132fb10065092ab8bb1e21901154255de02b14adf55f600ca91007b,5.4,14
b304e52e4df3192ecf989770e9a3ce52abf4faec47aca0256d0567103430de76,5.4,14
67f785834663aa14b6752e5aa74351c09373861898dd4042af9f36f27789d234,5.4,14
4ea749ac5d6bd333b54a7e402801e0607a58807f335fd4b4a508d77b8a9a29d7,5.4,14
32cab48111b91435a2ac15c28dadbaf6c45ce56aa62101378de87a8d920582e8,5.4,14
3ff4d2ac991a7fafc1c72ff5d322645445011cd9f6339e4e37870e0e2d0ed0a5,5.25,14
521472b79cf79442c8c82c6b074b06428ffdc84ad6ac130fddac581a602060ee,5.25,14
c85776a37599302a99467fdf99440208a5947bfd667022e18bbbd3138e62eeac,5.25,14
d7d279bd164cf782df6e6cc70506345e6a433221cbf5957f16cf532e455b9631,5.25,14
c412a5a901999f87b187024d0c90c64904b36a1b7baea8d84c3e25a05894d556,5.1,14
bb1cc2fa475f594801f671d94a44c1c15cce23195dbc66fde940a8b54eac532d,5.1,14
7ec3a78456e52eca7a0de52078422f00f5ecfacec034e610f5a579adb6007db4,5.1,14
57bd3974018504c41a98f8ef15be01833fbfddff6835aff0513066ddb8d70dc0,5.1,14
84cf655f83bd7fd8ef193693e96c39de42d915e60f5d9fd0672312068a5a6717,9.3,13
a3b4513d9efe4369a9739159cb8c27c7bf58b89217db35e70ae7e16ad6283799,9.3,13
810cb88b4e7b3a031c593dd420c9275256cc2e4771e4c7bb04715fec90069ba7,8.7,13
4f30302545c2d91b0242e0cc5dcdbdfa1fac8985758b00e67d10d10ec1472e0c,7.95,13
0927c5ae7e95b1341cd337e5131990dfb8987e45dcc7d89db7cf88621b5ef2f7,7.2,13
2bb2b2070e7f2c2d776dc219f9772bb130fc30cdd5278e7bbd9833be07cfac7e,7.05,13
aa6264bb4caa0d9469d9902257e072d705ddb6fda4df347763980384de2af752,6.75,13
fb11f3593c8719b72d841d4749bbf704387890061487e0cc8b3ab222e414a8a2,6.6,13
f360285b8148d9b20e026e083612940d08dea3207bba31d50dd8e79e65d589e9,6.6,13
6561a0950a0075c23d5e8ed9ca30f4eea19b24446cfd1ac5606bef54cc30d3fc,6.3,13
d4c2f9722101be8fc987e6bde723fadbb4d447d3580967d30b28f5228de989ce,6.3,13
6392e67f32844a90987dbf826f3ea89a563057620d637afc9591f0b25c505735,6.3,13
96bf55b4340fd082dada938688416ad855cc064ef56b9e30bf590e774e52f142,6.15,13
bc5c179936265c87e2bad45e76767f461e4566b07f761ca63bd5bd719c8a4d6f,6.15,13
52bd79f5867bd3d684cebfd2b8ae0619ae86855f391dbf1c1c3c9b4cc0a930a4,6.15,13
93fa245351d3189d4a925346c114e6979df671469cab9891b8cb70dfa2d4c9e1,6.15,13
370702b986ec7884007370cac2bdf295cfbc479f875943f28bc15da9a6d12e9d,6.0,13
459c897c1307de027837d68caedd16cb55e4e4cca241be47d42e8791993857f8,5.85,13
5efda982559e46dff1e44550a3e571382b5c1ed60d1891f599293e09c16e3d1c,5.85,13
6504188e4cc1953718dd128aad5b573520071facad6bf0a787bc2d91b8bdd430,5.7,13
508539651c211b94894bdc838b26f0d1c0fcb599c6a62306dce05bc6524f30f0,5.7,13
a60d651b4395453d1595aee8abf3112b2a96fda27f8585f5a8141bd0bac7df68,5.7,13
c24a88847e2b5528c350f38a784af25a1be07d78961b50245a397fe64eb89a62,5.7,13
ca7ed42a84991b69eafab0da80e333c7a253f6bbbcccd198ae7563e98678244e,5.7,13
870a1712634ca60abd189c627b003ebad656b7e34abb5fb9440dbe4411fda83c,5.55,13
4c0e089c330f1f248baf349fa015b3b232b9e5095ef23fd2fb42c53694eefbcf,5.55,13
d4fa077e13ee57d2c1ac98f557093be57e537636ef3f2f23b52fc003d9b9348d,5.55,13
9661f4468b341af70530f49a64647b03e897a1568d134cfb827789deef7bb01f,5.4,13
35d66660165ae761ccdeb5127f0a1251fad9e7dd078d3af6cc88df3dfc5e91d8,5.4,13
ac1af835158b1cc9186942e9860dc8f4581e0088b9f5a10a157e9e7482d3d6ef,5.4,13
86f5772493c2235f05f3beae16464ada338e8cf7c8267e55280e06140a93d5c2,5.4,13
dc90e82835326d11fd85de0ee1d1e7a94e172e77f78e3e4eb7ce3d41e108564c,5.4,13
12bd29213d24292ca1c83d14be6c1e1d671f8b7b30969bc025623eb33f28e421,5.4,13
6096647d91603a62a22ed0aafd66fbf0842b4c669642c4eb0c438967e7146c6a,5.25,13
b37b87a21c247b7e8ae36249622ce8fadeb452f853f918c248d77a9368770224,5.25,13
549233757cce0266358adb8fd6c9a0217c1a3aeccd2c012a06c87bf4b217d990,5.25,13
6bc007887b837c19e35803c5acd57461fd3018a048b17daa029503b590e069d7,5.25,13
7b1b9058771c94d719b3b7c5c534f86f9ffeb36e6f9c654ad7a58c5d7703c702,5.25,13
8958c7df1c5bf03f798945e453e8d5ebb92052ff622547b154a919cec9cf593e,5.1,13
3eaff4b06cd6a6c0fd733c0d165a1374d8c165bd9798385bd7a5ee863331186a,5.1,13
4ab048f64c8e8415436702320854490144020a318e033c2dda0f1e0fa7553ac0,5.1,13
9888c5669f90082830abf8ad1c9d675cd540ee95c96be5993e5ab223154d0564,5.1,13
ee93c8e1058523e2d96e6d7259ba280b9f6584e85d5d302e5fa941b72121f019,5.1,13
00bd809512ed7b9e66b63b829b0c37bd91ced13c7e4c229e1ec1639efc6fbb3e,5.1,13
982a862e35f4c6428d752535ac7067efc8ae9160c139790d086543fad4a1f498,5.1,13
b05ca9194048b7d82459da7d6a0eb6f8c6147d01bbf115bf36380215771d1400,9.3,12
a990528e1a5d8e121e40a5947a3c29384d103f0b90c4d8972728445740d880a4,9.3,12
58c938bc91de0fe8a79b5a4960b654ee410e5c0fe58fa1f212d5b3299181e2df,9.0,12
58e9b60b7676e8fb56e48f1f3b60edb4bb6650539e51dbaaae88577d8bb8abc4,8.7,12
972b72a32ade13e4fa298f664bc265603d34aba6426c132b2be476d0197884e6,8.4,12
748906e9464df346469c16c96d522e29353aaf769f3704a48911c9b90af3837c,8.1,12
7141f5155169baae32bb2f474638ca9b75d6d9cba3a139d7b29268d97622f02b,8.1,12
3535481b0cc7eeabad3d7908031fc1db219544f73b74944f9c8935195927df5f,7.95,12
0b032467270542e58f4b2bf5051288522ca99beec47bd52949e58502101e6484,7.65,12
97a9638c4a0a0d2ab9d2ff14f4e7769dcab0a5e3b2f87bb39dae3daef9617fcb,7.5,12
e86da3f254dd484a82aede8c7e5a59c9ae401759d424cf65a24b8a08abd21a49,7.5,12
cb6e653566a3af6590164a32318c3f5e7b22b9e3242b1440c9289c1b30429a1e,6.9,12
ca2131b376a9d389c3266a8dcfe023ab046691dde97d6e312e650c1ded8aebf7,6.9,12
c7be955451244c5ff9dc19845a9d7bf5aa4e0c427f741d999cda3b2d06ea1c7d,6.3,12
3f6583aa0580fa2fa703f6bc86e5c2cd216a3015b316901a6c4f6580b108d346,6.3,12
a4bdf4b876d2e3854d1ad25309023b53e1ad1fe524ca6a2951f924a4d96f925b,6.15,12
95c71206343f7650267f6fd4bc4624aa64b3395fbaaa0b519a03ca5a152b08b3,6.15,12
c588d7ad23563c5f77dab650a2ae3a00040d7264acaddfa2bc4c5c60f0989050,6.15,12
3880d1d562c95ecfa2409b6fe01ec323f18e89e07e0f9f0d3e31f8d59f64d61c,6.0,12
a5da89c58e4662543fa161f2e4b340f3676b9d5bd516d3778fd047d352a0310b,5.85,12
92e2e06459d7da6db8b14a2389e4d1e5be9c18d796b7abea787a769f978cb1e0,5.85,12
269b13db8f0381e04dbdc511a61879d027f07075e49829a981c774c2b8e047e5,5.85,12
b63619647b3d2f787f9d40dbf589f097d18cf1745bd05649858171f240d5411f,5.85,12
14630577101fa0c0a4afdee7c72c2827d104c11024cca3486f398584814599b2,5.85,12
b5b5f59a8b3a70d253f18f33b4469a8ed89fd762538b1c38ebab3a1d1e871cf7,5.7,12
cbe8280827937378cd674f088516fca5afc35f5d578c298982baaf02a884207c,5.7,12
bc7d87ae982a27778f689f8510c66ea495b0694f5c5668e8e47b6a0451044b59,5.7,12
0e7b254871dbd5abbf0035cbec8d0d65fba33f653c072cb279212c5344edaa2e,5.7,12
5df9720999f2d00da643d1623c8bc77eacbd729ecf6079663074bd269dba13ac,5.7,12
154738895003f1404a5b7793a60aa5b9b5d2470c1a2492fb00dc817edb5d67dd,5.7,12
09c623e165769549dfb118dbef4c3dda463fec232a7b11a556d5d27a10fecb24,5.7,12
0602603e9e8ba50d0f14f162e190d97621d240c74888793ea6560d8386648d24,5.7,12
e998f50c1959001df23c50a4c1ff0aba055784d26de149e916569cd7bc9f9870,5.55,12
73f395554c38a2e98818808797fd7dafb695f58dfe3ad7b687ffeb8a8b75ceb8,5.55,12
2533c44b2f553a731a8b016ea4fe567b0eeee8efaadb7525d3584649878dc199,5.4,12
591dc8522e87f8bc86ba82dd1d0663fa9e0a51a26a8388bb5d8a7e6d6efaed30,5.4,12
7c8f022a3eb002d7b50f0ae0ac41ec22c17b4e28605adae690255e505045fe75,5.4,12
82d4e56934a9715186d764fee04e3de2751beaca2d9472f63e5d521d16c0e436,5.25,12
0a4e495683d9d26a888722bc1e62b5ec639a5f26eecb39b57609e727826fe44a,5.25,12
87b9a04c8bf996cc1b5934106cc99ea8da374b55717eca1dcd876ed35093d90e,5.25,12
33e6f7c18a07406d90e40d7356ea6286acd30d88c5cd017c15bc20c714bbdb47,5.25,12
d48ed7db1ad4505d431ec1f74fcc67aaea4f2e9a0b8213185e3a978e186bedc1,5.25,12
b8e5320c37e145763593806c21142e76659961089209b561c3400ebe1b9604b7,5.1,12
5c8ed5830fa542a607b31d4302c6448c7aa56b83c2f80c901d55273e92de034c,5.1,12
bcbec72d606a2de2d4b00f47c825935cbc258c3194644ce71ad960cca31fe712,5.1,12
1349497d43d8408c7fc195fa64993c0e86c18cbb5b5534d371554af834b4c43a,5.1,12
1187855d0438afe62e2b9cafd81177363e365521bcace61758ed3a7562bd999f,5.1,12
7a6618a865c98e96676b30b924cc1e91677217e324466ea056e90e3ac71bf569,5.1,12
f37782042af7144bebf23d45c96d03c47f46a67625d689bbc491fe2385f6fd51,5.1,12
091743541ff4ba6b68236d930fac654fe366fc35fac3fd8264cc9f4df9074af5,9.3,11
759c79ff3b2a29d17d3bfb264165b9b4f8d8cce93f51575c97cbc85a5a3f8cb4,9.3,11
190548900f8abb6bed403e15d78d2cad723fb65e81aad94fb0f6e45bad39d171,9.3,11
445bf2ad0ee429c34e0e23689a8ecffb67c2a40540ec13fb336bf4919b36499c,9.3,11
9d84845e4addd2329201230a06a1ec585f4a50cd8f5b9509d49eb73faa215165,9.3,11
3f64a14c3250dfd3d0143b8e2731b5584b9a2208d508153ef0f815b7d9c2574e,8.55,11
0de540797b28c931b952171dc5d212b2cbd15f83491aa5b64ae90967eee4d5b3,8.4,11
8c7607bf729a5c1af05a5344c61657e66f5d428b0fd925be36ff2a3aeb51ba8f,8.4,11
bbbfa66b1025ff58e958a041f3f4d3d37fa8c65cf64da1da5f31a2e57bd3056d,7.5,11
c8d1b45a7f5257c80ecdc266ac5c0c5c4da2c79d7ddb1ddf895b036ddbc400ad,7.35,11
27dc87286786df77ee7d9cd69076cb51549acef8639f58a1bd9aa0e5d17aef3b,7.2,11
d5df21f96f0c80520ca12078041fdd86f461295a1f81978b1aa028c3f3ba2d52,7.2,11
096705b396a61ef291561d993b228541c0b18db19db15ca54ae720a25715281a,7.05,11
9100e4a32c447fdcf55537da495b98b601c8dc7f8e8cb0c31d21ca181210e359,6.75,11
7b0f44566285b845d56eaec410eafec42a6ddad8b4366721c3f0694042cf935a,6.75,11
6d126170224e7d4b8e0ab58ef7f5200da2acc89d25a1654403b2a441c550d64e,6.6,11
247998b315a1eadc1eda1b2651b338f8c8c8ed6bd36bf1e3c771e30731550007,6.6,11
d4d2f0fd91075c44d84956e48974d7ca4917524ece12f91d54f5f54c8c70d4dd,6.3,11
2af7568f88b4e0bb760ffbeda15661ddb9f8ac674daffc81ca44452919fc0fb8,6.3,11
4c2fd96e4867450ae0ecaff3827b0bd63de36483ea651994e9a2009eb6c83bea,6.15,11
5e97038b905a248db50fdd2d0748ff0665dd2ac304d8b6521a3cc5769f8d0fd7,6.15,11
7f0b85016684322dcaa9c033a36eab8677276d9a233e81ee1dbd53cc48f2acc4,6.15,11
dd3fa0d30801c7468d5af5ca8e86a006d65e2c0fd3a50a652cfeda961f6cd739,6.0,11
9a9cb0a620e8c9011c9c7dcceac81280376560855930500fe43aae9a2c6994d8,5.85,11
a28315c01275cda0113d2ec4db739f5c1bfbb5ba6a966b1d095e5c16f14a2e18,5.85,11
1fcbb59f8f807bb6322c59bf0f661a50538a25560303d4398a04b8488321e86c,5.85,11
79d955d27d6c6f1531692187eca7ebfffd65ed0835ef0f66428caa5dec0ae311,5.7,11
2251c24b788f357ff9ae71f1b6030ee9e814738fd54a973a467e760e1da0b36c,5.7,11
11dc378085c8d4bb9e19ea35601c6c5dc948090eecc105599148a8522bccd63b,5.7,11
735a86f4462234bfd857a0840a1fb9423f7dde0e9e7110f87c91e12cba8c03ce,5.7,11
0ca363f8352036a2b9317a0dee58da878243680670a45adf6d0041616afa97f7,5.7,11
e45824e810a8469c7136f6f049ebbdfeb94dd8e899397999ccf69d8de05a4239,5.55,11
135be40c2eb6f27e9b5e37f1f61953ab00d2331b258ade57dd8dc436e5c6b850,5.55,11
c04724ba6bf4a086612fe54cdc142e58fa8a26b1816e44a2f42e0a2bfeab4866,5.55,11
dd22f8fd6d3ef57974730aff176bc578d4ba0e3cd341d3a8812168a8ac7f57cd,5.55,11
8ddd06a019ddf8d40676764bcb39b9ee410c616797aecf81cd6b810e85736c6c,5.4,11
0cdaf71b0369217303c6ce26420ddb1ebe5eabecf4bee057e4574ae83458a579,5.4,11
832e01450ae33a57bcbe87bd6abd9eaa4a9088a1db5d58152b53e9a81bfb21f6,5.4,11
ed3e081088b75b68685518b014e5cb34146ee19713d97da369d430e95c9a6002,5.4,11
2195562180a951c17edde8c3732326af6ec07e6b3bca06adfd57bddab017de05,5.4,11
a4b7b309130f7106c1d41a30b22044903e21ab2a70fabe03136d15c2d3b0a402,5.4,11
ac3c47ec133714d2120dc118a8ee215ec2789a5c72d2b4669034af004e2dd833,5.4,11
1609611e218fe1fd66e362209d0760794b4c17cd78142414efc8b3c0bbe87ef9,5.25,11
36d95253265befd147d9a0f79a57a89312cf70da03a307cb31946a9a5d79b7b5,5.25,11
aa71c1cb4cc3bee73635163b6bc627d74078d89cece9b593a0bb684410f65347,5.25,11
6f0651f34b20cc62d45ba55d92cbb1f4e2d0d9da96d39bf706afd34601e50f73,5.25,11
db1a09492ed20c650670413ca10b18e4be1ab7b7be52159073fa51ac076ce9dd,5.25,11
2d253785269d0df8850e87b93a044a89d4e85bb407e67111683a86764eec3158,5.25,11
e97b11d77d2a10e1ede1eae321cf4eea0a911755909309a4caed118fe5f32f13,5.1,11
3390f47a77e9336707a94cb5b98cf9cd30e21ce99859378c905c9bc9fa29a33a,9.3,10
c570d4e07e160455a03d67aeee65d175b8961205bc3f3d6441197d3e79453a2b,9.3,10
eb34e76068bd0357bf505fc01555ea521a281d9ac048372097925d3791710ad4,7.8,10
7713c6a361a2dc31556b6750a034aa9cc738b905f4b2b83234e8b89ee2852fc6,7.5,10
f12f30d86246db4b93d963d85b0931208ea59e40c1d6dc90b88420383f3518cb,7.35,10
a53cf29f919101168639314ff7ace9887c3fdd706e4ace21a106880c6efeadc4,7.2,10
3ff2273a27b26cd5034a216f9e2626625e09796413ad13d7ec9855dee840ef5a,7.2,10
cce881a864c717a45ce908732ed4fed759ee5e2f5b78a002900ebdf20a185780,7.05,10
908c14b7851bc4f61dc14cfbf749bfe9478c7d901c3b2613755aa617502f846d,7.05,10
4b71a0bd463eb4bb9f61aafbdc1e9a9e8deeef73dc846fd6b7c33273eb4a775c,6.9,10
0115969c792b59d198dc5e061867bb46d2e36a6e8101f18ce2ab34ba231dd1ef,6.9,10
37753408800ab2b24b06f9cf34d3c2727379f62d270a04b0e32f12fa92278196,6.75,10
2b8f56211086e3ade0447e2cd24471627ed73c549cb1a24503d89ab0653d3f38,6.75,10
38054044388471be4c1189f1dc3e9aee21996dd440101907aa1dfb386a6479f0,6.75,10
8c1ad0c94da6dd387daf450e3d48231f5684fdf2647f2c48b21bacdb86c872ec,6.75,10
667cd9de01b61ca65fcb1b96266119b80b28664f2359af089d5e31b8a52289f3,6.75,10
d6f8a7871ee42ee7536dee1ff05abf324d98c6ed245754276b33890fbe5d8ae0,6.6,10
e1ffd6d21774503f0a6af5fc811cc0955a927412243826572a436406f7b9f95e,6.6,10
74d6f430252ce205a5ddf505d660b5f84dd373db18c79b80905892291b234c3c,6.45,10
d65ce92a12f19e213a53ac31d7d77c2ab25095e92e0e09233979fe41326c3386,6.45,10
6cdd654859416e94785c76b7a62bda9dd6212ef5041c6e39cf0842e78bc46893,6.3,10
d0ba812767cd2adc0ac01c49f489d6100b35893003b097b633c4fb3fb8e0ec68,6.3,10
d991084b16b32749b90be5a240a73a73991606be14103d24625b90c57119a1fb,6.3,10
0cdc326303f89a7d779676da072fe731f59481718d56457f851ff9e813f697f2,6.3,10
6100e4d65e3849b10a9fcc59547fbba8ae753a87fa703df00ff8648a7372bf3d,6.15,10
f147612f5eda74aa6bac7a78ec812af63f4be4a9e29c337c702479499be3a1f7,6.15,10
585539d1084adbbca23f7c192a339693c8371fa45c6a025f6365883e80e10ea0,6.15,10
97b4652d880b03d4c941b48a101d4f7169abb121f29ad4e3beee0512f09d296d,6.0,10
4b14c85f4d4ab47eb0612a49f96a5c5252d5ca6ae503a547f2c1d352bf195239,6.0,10
05a289375f579eadde99a3e4323ff7e3924fc12ef1dd67d3c0bb749551d3851e,5.85,10
a1db124343672e38738e55e1b756a4defd0f7c268611308355b2d50d4543ed1f,5.85,10
16a918f908725a7417aec89bf8df0f47c391878f860c0a1e1cfa50d948e55a4b,5.85,10
b92e959883dfd32cad98062f5befc8938f5da32ecde7cc253b1677e8f0599087,5.7,10
e9b9f3fc60895d6337e75519bd84dff8f4da7927a250c9121544902f071895e3,5.7,10
943a52ec29f4d736e597a156c935440f8e8acbe86aeb27b01a2ab4d639430768,5.7,10
37bd684d27e3e7fbfecb1820f7a9d10b1afb2608310c31c80e0a56a7f01b5d65,5.7,10
21e8e4586272b3425c82acb8d0009edb22c8eb49545c5f76bd1e6e83929e24ae,5.7,10
5cd9a6d29152e85fd33af94ca9e5def1e60981ea0d59c738dfce2495e608efcc,5.7,10
0217a5057aee1d03d33d7eeffa5786c95d52f3ef27a6e27333b19704a46e3ee6,5.55,10
27cfb8773ec1bd0d32ee5574ac2996956a9a94e1035a2aa24d52c1a49871bf72,5.55,10
1d4f370449335457cc3d2f01d92557b571354f54b93607be620f6697c00252e0,5.55,10
d52c3591789a0b76fb99f11b9486a5edb9ea8b913c81baabb6a225bb902aad8d,5.55,10
dff8b2e914da98a405b5cdd27e99a9c94e723b9859f423594af8d724e003aca6,5.55,10
95b6f8105885a72e4c4c9d78734ccf8039d7d291880fec6a91116d059e052773,5.55,10
bdd752b549a1ca5f0e70296593c33d8dfe92737723ecbbcc8adbdff8d860e3dc,5.4,10
6ef7e40a37f651bd6ce12bd1531019fb9e3ee5c06da14a88a95c813c76d9ec5d,5.4,10
4021f6e00d5a3cf292550ebe2ef2780fb785535b1fd78dafe0d8c434abfbcb70,5.4,10
fb83069267c3607da9fbeec41e4523e07b4edf1867c4f248f0f144caf15c307f,5.4,10
95a337159c167b014f9d8da2d77fe7a1224824695c5ff55316b3a78e1245a3ee,5.4,10
e74279e64ffafdccb4930a9808da9b499e5694eac7f40c932be68160ab8ef015,5.25,10
217f67395a194eb3041944f2e483e66fdb7fb9e9f5f91db67dc9458e1e647152,5.25,10
4849c004276e6922fe944d55a7df3b23735451f9c68689ea0d8c34025e95e585,5.25,10
e21707e94c6c4af28c7a255ba45305382962a4f1b65e7f65f5a9f853cbb8e73e,5.25,10
07b2021c338dde184614faba8033f9b9be5a5307ab9fa4830630ba8b993153c5,5.25,10
b79596497cd2eac2d1ca71b3c1c13aa7fbde46fc79d186f7c5fecc9139b2b1e9,5.25,10
e35cc5728f561b8ab82bc0d50144298cd20d75933238ae456c67e0476468c1e4,5.25,10
06a4427b53623dda0ad3f530feeb3e1eaae443d4f47dcbec9cf72e20b8308ce9,5.25,10
426d53049e40131ff73d2781365b3be4e2532b40c3a65d6e7dbb53020ff05a24,5.25,10
b29be36b89df616f58b04cd4fba50a70ee3dde948b126d43d9610ed0a42e6c52,5.1,10
19baf3350e43ac9a6455395b09d819ebe914774ef45ddf5c7db4a2d8df916d06,5.1,10
a57e80df08f681299ff3e11584c96c56e5347fea44de5f85471bc56c3f6754fe,5.1,10
5b06288a1f335386e560f34aed845c26735ee54b9d7cbe6c4a99e88d818d04e6,5.1,10
a3a4c0de0952c3d5b76c2378a3c767fcb249f6a1a9ce53d566cc0b3ff7076d4f,5.1,10
ff75c1a49098de2a3186d46df82211e17070dd8c845be349d2d257a37d8433c2,5.1,10
dd20e05c6b72a2a7e574a6d0f1a4bbe17fd6ead03347b8d8235bafdbb33c4706,5.1,10
4fb1b1ee7d0678992e31ef68a3f8ad5743c69e3d6fe87b7f03db4054452bf482,5.1,10
86a1b0180de04c7399a5eb4bc28d98abba995090943cf03c4a6bead247941ffd,5.1,10
23b2f94b02b6470692aae48d9581614ab882d54657d63300c7641c80d24e4275,9.3,9
8c67613b507c87e1ba861eb09a3531956f41d22d7c4078268a3ed6dc0de6aedb,9.3,9
3e4ff7e43dc2b44284baf06ec60c75d66ed56627c71e2ff592a55b0ee06d4829,9.3,9
445481aa755e909f2b06614840d9f590748b4c611a97f1deac670d27ce91cd75,9.3,9
6599f890974a26ff8e4f821f2c46b0b06d0a388ce2a48221ebb1bbdc27bc1198,9.3,9
45a6b8311724ef00cca9b7157665d074eafb5397f97c959420fc1ca6daa8f008,9.3,9
0273248e295d454b780ae0d7b9740fdfef360fd92f9717adb028f55c587d0514,9.3,9
15f6e6df3ac753f1899cf6f39bea4d175ea3d5b0033d901b7f7ade3d223b0241,9.3,9
4ec009bd0be15d419cf0f2f9f112d4a00edf936425db273c5b64cea83aff08bf,8.25,9
8587d75d7099dcd49e849f976b1de8de7abc124f6dca47459ea5002bc37cc7aa,7.8,9
de24157d0d5d796cdde24fb919de51e768fbb70c96d9283c20dce9ba04689b20,7.8,9
03cb2879424457523112b7c667c07cb89b29652cd30797bcba8a82327cf8e95d,7.65,9
df5a76f77287b29399808c585c85fd5bf87f1da32461dfd479d11433c3d45bdf,7.5,9
ac79c7ac0b771682455a1424b7495cc4c592ca7888d0876e6c6a964cb910e120,7.2,9
e36d12ba95a19aa836f77a8aa042074e57c4f7900371648923c695c501693a98,6.9,9
7f03090e24e2d487c57ed71517bf4379de798f1f072a166bdadb2f85a43051b0,6.9,9
6bc1d3c3242e6fb8282385db00101afe55bdcd7b83c7b5128c899c39f678356f,6.75,9
6517f0061d06032fc1c5500b5962980fba7d976a131445deb823d68bd4aa2ed7,6.75,9
df5b91c018cda4f73d20e90f85756b0db0ffe06d5cecf0f4cc47de68683a5fc3,6.6,9
9dae20313cf5f13ff297b887e18d407da44b9013203d7eeb79a426cd1246c4ae,6.6,9
b97447f10f2bb78419399e4610d9051ff6eb20987161cd19ff440146e8e0603c,6.45,9
c2c0707419c6db1d9b4f7a202c6c2d7e9612b5282cd1960dd0137ecd3cfe88bd,6.3,9
b6c302a60063a68c7675426a34ecb8082d10fceed8fd99fa340c6ff66c65af44,6.3,9
5e37a9cc8eb9e41e742fe265dac512661736eb4b352f8def64e93a0b90365bf8,6.3,9
0212878137f1017e47974beb812bf914961bdd717ac73e03415ed7c9c765d903,6.15,9
08d6c8ee7f8ca6525b78b30ef0c07b123d33f3790d51a15780bc62ee4f34340a,6.15,9
f90d54dd59d1021c5d5ce3102095c74a0e136471c879e125adc1a1ad491047cd,6.15,9
bd3c24436fc404730a7e83d1e6b0275d2a237ef66626175d5f217564fdb7c1bc,6.15,9
555265450ff5a0f3b0cd64e32e22b2b70ee746ace72e206f837fd0b4b80698c1,6.15,9
128c18383db91cb22fb4f539c43bee85176da8b7b7ffd4c7074115779f75a38f,6.15,9
302c87e6139f14f1587e589a1ec3d9cc83780b261a98bfc922773f761190c9f0,6.15,9
fc1a434336c5ebf6278418100304ee49ad6f126a6d84ac2c5bc162ba8f5aff4d,6.15,9
a309508d17b748a9de02d027335ae2d2f0fd80c5b1d1f5e453788a6ccc6c27f9,6.0,9
5915935d312a1798ce5af97ce3121e5cd6e6aa0609d5654ee9c84c2efba28576,6.0,9
b13e27091f03934d502023e7c69304e54ab1088d46ffa5f709d961020776935b,5.85,9
e27e50b152051a4af08198b3e1276577e936e7bd51adffcec1599e795960b1f8,5.85,9
469912fd037308e852e4cb30f349d945140bd1f71940137f49cb756f3fab8c39,5.85,9
f9dfc2b414e14105581a838a14dfd4c95e88e13c7b8de9e1c93dc886234c96fe,5.85,9
40ac113f8fc576e84d8c75abf2a9918552e7b36193e650bd61bc411f05cf004a,5.85,9
f6ad656b8c1a262ab2a780f683134597e6cf8bcf8226480828fff0f8d12ed0d4,5.7,9
9097200e9a0e19a460b415eb7e3eac587dd16a4e480f41b36ea99770da5df329,5.7,9
27e9835e25208172acfecca8ae3697170012ad5881f3a819293132098a09726d,5.7,9
cf01c5fb265f653b6f5ef49c50753c86b7712b8fb8936bf8b782fd7974b2b10e,5.7,9
e549e7bf7849df195195f29ceac098a255a4be320b0aa1f891728ff15774c910,5.7,9
0b19b5ad2912d10665be4b6bc667f757ea22a960a88adbadbec7a53f42f9a783,5.55,9
4fcf13c71eccf432860835507de3a548467c51341b666d297543da26ce86cfc5,5.55,9
dd02000517e97f2ef651264cdd2e44cbde7998a94661d4d7cf02e6a87d7c1a3c,5.55,9
5f14436a65c94fe4b935bbcd572c86257d18db19d04e0218f5d9f35ce9ca7030,5.55,9
0669702d8e1ef4e86ae2dd5fbe4d3948820e23f1263f9815bfbc43aa657863ab,5.55,9
7a4eb6a9599e6d2d5a4881a879661885d47e513a1c316a74af71d022dab4ee01,5.55,9
f49ae8d84737d5caeb1319f8306fe9a030bb6581d1c20a774091ed9cee5f4a23,5.4,9
a576b1871bd9171515c3e03857385509c446cc432e7fa11bf9008287598b8864,5.4,9
2c4c3477306ffc75078c1b274000cbafa72dc97a3c1a2e6700d922dc9f6dc2be,5.4,9
83d626fc174b6bfcb326fed3ae7d9a96d6244889c0113cd558fa278c43b92905,5.4,9
e0f2a59d0633a84e8692e852810bac03044e188544ffdd7b5e7331f086ae1e19,5.25,9
d9a1759c38bb584994da63537b62772e2190bba5461100c11a52d4463546bd06,5.25,9
8e0e20cb5e0079cf387f772b79a5875861c6fabec0483798af7b066b7b3ae25c,5.25,9
2f26a7e081676e35dc1abfa35da515124e5d3fa42dc690d6ebfe68e4ca000ebe,5.25,9
59c965b98b0ea80fa48ba172149961313bcdb9ec9bff0c02062b9afd3d17d583,5.25,9
8966a6375c0f21995e922b21331262b7ff0a33a04ef64ea0eab4d605c83d05d4,5.25,9
cac5501202dd63bfe5be8f22047fa52da4f5ededd1f18c0b6d631132972b3e26,5.25,9
13bf757e5278f58bb0fd777030a81bd588ea9847be763f08e3c486d72bee9c7b,5.25,9
5bc194dd696887e98fe4cb6dcc1341850f168d411879b0d0c6c9c0ce864982ff,5.1,9
b5c2712104dc6fe50c7f3e29dd7e1a13fdef6a7769c8ebb95fa75ea84298fa6d,5.1,9
9da937fa65b7811d5b594a1137ea6dcd66c45d92daa73cb6a0a9dc4ef10861b6,5.1,9
a5fdf769265d4cf8b32687a29362eb8309bd26ed3c6eccfa3163277a643e3277,5.1,9
cb3605854aa4bbfc052abc0fe6c67b01bd6829dedbf16f0dddb52f9baee90454,5.1,9
c16694a791a34b7c0cbad24e86b5e7eb32917f1f85d5642f09c3221e03cf526c,5.1,9
f2e7b75194cbeb6881d388c459a6878014336e6938aadeb580046f7bbca8e67f,5.1,9
130f67b69570f7b895ab1d531686d28174e76b96d797ac99c0052e159f6ce570,5.1,9
80f068ea995f6a7ab48833502787eeda2ad2c888f551e476d90152a2d9eaadf0,5.1,9
d37bc7ff3e9cce7fe9c232a47f2817c659ddff24bc70a30ebc24673e15e4cdfa,5.1,9
bf99667c8e3abef7a87bfa22e00b99b957206f3182717f4f1a0d2611dfb14bce,5.1,9
105da141287885b041871de5860f1af18cdced153d4c7c8fd734875f5da07f87,5.1,9
a80ee11e35082c9deb881da8354baee5e095977c0ae6aa6b0e3b8cf13981156a,5.1,9
1693197f5dda3f0945e0104c6b140d1bf046b5a157ec2e17b60493db4bd0cf23,5.1,9
fe2e96a80f34ea289e5ccbfdeabfa58f270b717fc3fa01f2caf5fc7842df84b7,5.1,9
846048fc8766669aeb371c536131fcdb7a0a0bc9374bdbb4be682635ac98a1fe,5.1,9
abaf67ee5ede9063ba4785ad121686687883902536275c75f19f7bcae28c972c,9.3,8
3851c463082490a90ce66968035d598353ac8122f1d3ba65b5686838408a50df,9.3,8
a4f885a424dc8f755affbfbd543289eb8ec3d87de89c1c2e1eac7e7dbc203f46,9.3,8
85e6a8899d1a592a1fcd491e764dd980c8f9dac9c66d2282e51eb170cf53063a,9.3,8
21e663f1432aacccbb670750ed211ed80a7f339096ac48a69b8b2037e47f2bc5,9.3,8
858052e5316be1b378b0d0035cdec7e7a488467c6d5b0b99c99f6dcbb2136fd3,9.0,8
d0a975c96c6ccbd46d81c90e6b12657cb27f7d7f4ed778fef4ecb00c4a076d56,8.55,8
f4b2c8034379a84e11623ef49648334c83c4369103ce5b3a4815526b19ec5828,8.25,8
c785b1c61019d23dc56145e39f166431da3a308f32092c1e16a387dae201bf94,7.95,8
cbf860171fa07fbbe353b25b2fb7457db2929531fed8ec78552478a4231cfc3f,7.8,8
8bed21d76d3e8f730e90e49d2c7090cfa1494862ebf325cdf496909b2587acea,7.65,8
f1e514796a0e8d7f21206c9c9ee7fbf2306e91c8852116a77b9e3296636ae7e3,7.5,8
bbf48731294c7dcbb303f96e75a32ea5026c42078dd13dc3ddd8cfc9df78d0e4,7.35,8
516cb92b09638ae2e1ca0f27e6a9f1b4101ba46eb44d08fdbe9e98556d4d8e7d,7.35,8
e959c42d09e46324b9f6146c9d21e0a67d99ff0c289a9a97f233b8b69d32996e,7.2,8
dd3195889594be8cf2844d6afc39568c611988722f34a3ef6b0e1d04a05f6995,7.2,8
56bac0b633f178431bc00f6ca5ba7838d1d728bf3a1883daa55467dcf86cd3e3,7.2,8
2b50e0a67f014c9c0ff737a5b8dd3541d77cb604d37e215c6767925f7c77c9bb,7.2,8
ca04109361bda9228b44f6ec880c5227933768898873a66a61437bf92815688b,7.2,8
f564a0ed745e646584b26aa66ceab740eeb864842cb2d52a0a7529e14e5718d5,6.9,8
497668c5635b4333292d0a7e12474efa1942f4b655bc298bf0e83388246409e4,6.9,8
3a8fc4e110bed41763debf7a96e239c0ce5b7c6e4173256663bea2ca57aa4993,6.9,8
2f4f81574650b4a0920449c48623e5af1be7ea586b2c13cfdd3ea83379607822,6.9,8
fb71807f0194705eeeb8279f55c6008e1104d30e06b8cdd5718c4fc47a199200,6.75,8
607e399d92365c56044bc84416257f14d42403392d7fe124544bb418a854b348,6.6,8
f72699c4332d1eeed055f1d6d6f6f11657eeae7ba20742001c096e5fc08ae8df,6.45,8
9de210596cd4b2526ee43d425486af510a6f360533c39b985405737420f5897f,6.45,8
82d6e00c8bd3878034d57d557f4c4dd35dc3562abd537c29365e7af8d50d6b21,6.3,8
83c3330f783ad5e7ce0d7cf84fb94255101dd4c10704db4e3e1a838922e9a7e1,6.3,8
3acbf80f6ad347b40b75bb65f178908cd8b5b3fd9ce9fa5d5894421805097128,6.3,8
475252bf4fac7edff88365b9da32003df2ec360a487a7a0333bf232882d2a9b5,6.15,8
9f1267715462241908208fca0d64d2b83087e729eddb4226c9f142268dcda8ae,6.15,8
dc94d4aa52d406e4aa5995e04d584021dc716faef6d2cd08196e896e64a9de87,6.15,8
47d6802b3b3fb6c973ae658b8a5143d16f2093e1da2bfe1967c7f95944b47824,6.15,8
d55082940e27f71ab2e07f84220c675819014f86957b617da00c8723fa79c6c5,6.15,8
b1b160069a34dac08c9abec561025dd779f3ad1adc22e1e53efae1c3603c3684,6.15,8
af93c1cb28d1f8687c996a3e309153190e669ed11f9352546f47f633f47721bb,6.0,8
c1d032dc071589483b71a923df96a833ff088690ef784b116a3b75c1717a2102,6.0,8
1fe192152bf66da97fee1718b3afec67dfadd55fc0fdd2fd79cf439f596bad57,6.0,8
013a67911c3927bcd70daa6781be0947e92aa8729c3c471e07ebb547a8d829d2,6.0,8
ad02e699061aaaf92506a232a13b6a8afaa81ad0608fa4f93b5542375fe68b0a,5.85,8
8fc3541967d2680657287f98a64c930dee992409a4c9feb89dbbec62e91d1149,5.85,8
f8d0c5245cfac3ba5c652ca6bd27d1761ff8b26903a6a1e809ddb92ecb6428f0,5.85,8
27d279ac9a05e9d254d0fd18ba4600444b5dc3f9ebb2dd320e8d7c87d0b5d944,5.85,8
3964d64e6daf8c32d7cfc9a10e4029e21eea649b0750bb87a8a9fb91ed42b605,5.85,8
435196dd85bd01c48d3c942ba58814ef4f9a3bbd88a9af6dd074f9e674f3215d,5.85,8
ccc846a575b416e10ea74124fd180d242c6f54318efcde38f640ad6f1477fec0,5.85,8
16a832df20e919ec51ee666c4d409808a6eb999e6f616b7cd0caf3eb03474f96,5.85,8
d8d8a6f8220ad73d48237fc585e854a2d949d411ce165484331a8a8db5f9ebb7,5.85,8
68b1136d7f2eb6b197ad0060f178bc4fa6378a0bffc68ee5b0eb31cca9cb2181,5.7,8
6ce11960610164ffc2b7101e6f0e6620637b926f1a5486d9a8da0578d3d2ef9c,5.7,8
840e182098d563ed3dac935b34f19c35bbb6e7912ac8af2ef37fbb21d17c7711,5.7,8
992595509873e4bc551ea03734cee81b07f93db99a75669b3e690735c30e5c02,5.7,8
0450454221c7a1544f6815d216acc698303455da8009956bde596990d0b4fb1a,5.7,8
e572409494e8fde2d4d3b2d1cf761756f541da4489adb14cbde1cb55fa2a9a60,5.7,8
2125159308bda0ac7ab6bd3f8af685ab17aaa91ffef5e3c7a9c871f02b6c46d0,5.7,8
d18cb83a570b6c0a216da9676a02f4c5cb530a9651f8df108a481727f7de9c40,5.55,8
1c2f249f5b3aa6cb2ba3fc6eb956da9a5b24055d62f6152c5417752be9e36053,5.55,8
e60222ca258a153eb7b9518b4d80f7c2e3ab5e36cbf888ce5906828cce032529,5.55,8
bfd838f44b52cdb58656325176c87a55f6c171273f77cb8098ad0e2846feff59,5.55,8
6228092d96d3adf9450a57b3db7de1c603c8531b45bc3e01f0503119bfea7fc3,5.55,8
e7416368612993264786d2e5b5dde8259b128128619e9fce70fef312754995ac,5.55,8
43409330047856ca213b1dae3e89e81a262e08e5685026c636e816757387c781,5.55,8
0eec03d84b4150f789b08b103cd3b170439b56f3f195a09a660802582a6fd496,5.55,8
670a844b856536b02119ea19cff2601ffe6c23cc4684606bcd6b909a93e13e58,5.55,8
c234f4848f00b094d385a3350280375e95b3f7309eff781401fea874b7548e53,5.55,8
4300450696a3c08e1d5e29db13556566ee0f5cb9176205f895203be5110c2521,5.4,8
915c44fb51db9649afb0b419735ff86ae42315c1025362727e78db99f4303ecc,5.4,8
3191358613e0dcb1f217beebb3684eb5735a879359b57c1ba107d51eb65e3a3c,5.4,8
b19bb2882ff72b42860a19ca9819bb59d8650166fd885082417d25e28420202c,5.4,8
c9b2256013a2b5ab50361c46d4db070bc7eb2602feb3d4e6017217554c514dad,5.4,8
e11039ca5c4668e921eda189dd3bb2af837ba7b98b54400deef0d6b041f0b48e,5.4,8
d100a8ba0ac8068f0ffd2e3087e1175cb9c9ffbe26409df62612fd906b5ceae1,5.25,8
a62f816241b4fee5f04e9118cfc3d1888409446bfcb60c93ad5006c4d89aa8f3,5.25,8
1c3b39547efcd7399fe7abaa4b3de6c45e4adedf4681cd3d783bea323b2ec94e,5.25,8
b8279183261658246d2ae6923dc6c19958702d5349f3fb171bfa0820097000ed,5.25,8
f2fee9338c0cbc123355c2a8714e861491e52a4596f2f89aa97427227b5152e2,5.25,8
f7eb051c777225798d57dbbf1863814edf1f8e9a3b152eec0abed96c3e4043ab,5.25,8
634196b2735c78e1b0fc40dd45ab3756a14966a1a745207db61b3c3c4ab0d78e,5.25,8
6372b352889fe75a09d66238df7d9aa5b6fb279d24da8eb199b6cb36cf34080c,5.25,8
91be45978f428787906b76dd9ee2185db09ddf5dd0a02f7c7b636a830694a2a4,5.25,8
5acca67d3a1fd67c0bed05f08aabaa7b09c3d2bc7b1fd900aa701f9902f18c5c,5.25,8
f324484d5b871564437d87e64e3b713a6ea489fad4182264377c41be52eb3eaa,5.25,8
1c9020cf854f58daa8003fcfabe25081f0d4912b49edacbf544af6415a4d0720,5.25,8
69ff15bc03100ad0cb3a7fbebd665a043589cd4c4acad08fdc477ac4e1863227,5.1,8
2d65d0da43e7c5af33508155eb59c9369ba74bb2fe578b756c3954748f1dcef0,5.1,8
6d5946aa674ad49d084e2ce0b09546436b47b9b7e5f7f4b0d9392b7a54f6a91e,5.1,8
3030c9959787a30ba7dfc51eedba66d3e4e5d4c21ef0c002ba38c3f7406deb1b,5.1,8
236f675f032057e723c2abfb16525c00249ed5dd82a15d79115f15a4c9c7b2fe,5.1,8
0e3e38a8135d7b06ab3b6696959b5920de965ca5360213ad492f832f6e381f7d,5.1,8
90e4e0d5342676c51094700f9561a542d4d8820c5d631cb2e2e77f7b9f0072a2,5.1,8
10e5f2349067f246e1a81a15de56892f0b3064f3b736212bc19185df4c003f4c,5.1,8
8ed488227f4f2b0252af8963eb5f0093903321105d1deda99e441c809930bf15,5.1,8
6ef135ba61a4694bc90c9e381882dbbf81adccabb916d94167e24ae10b71c343,5.1,8
fb86c3362e7ad3b453ed2803902abe50315ddab0f1187db2a078b20a4e387e43,5.1,8
4b93272e15910e413f842dcaa8a19cd4e4d5570d857d19e479d7f9d14089d7f5,9.3,7
083ed07688c2a1f99ecd8582f0a0fb44c853895d7199c0c7da7f93a268e03610,9.3,7
118e639f6fc26b095024b051b6869b6a90b6de30b1abea615910e86b45ff5397,9.3,7
8e9424340bb7eb1ecd24e00edac51a951170b10df0cefa3644d20732ed1694fe,9.3,7
aae6c4ac12518ec69840fdc2085df723b1f68b2d9ce62aae1759754b2106996c,9.3,7
d4e129f363efee6ec0a76caa281b86361fc4d28af0f7dc1ff4be1ac9247468b7,9.3,7
5be353787f6c79aa63480734f81b0519e1753ff4741f56ec8afb0874575ddf62,9.3,7
887b2431468985664a6ea838258117b61658b4a7101040cbd9e4b766943bf73b,9.15,7
ecd408593897400db00217f3778beed987fc550de8234c1134cea5beb7d97d0a,9.0,7
6fb9534231bebf36ae7ebee232fc8a7804a57fd4d164c44ef9ad967b9556395b,8.7,7
2ca7e53d8e5b2f9886fc9e053afa9899694796b2fd87a1a07f6900beccb4b561,8.1,7
511e007926ab556c5dc6df2e0a213a8b099d063aed9b8d8b001a73304939b133,7.95,7
f5d362c5022ed01cf253a933eb40e9d8d6f28016ea93cd91f9428384f5fd81e5,7.95,7
2577995099dd17be42243acd560adf6aae7dfcb5a13e6f45dae8ab7512743eae,7.95,7
d1ea953502186488ae52e3b7a822d9456d7935dd5bc8925249fed4b088507f3b,7.8,7
1d89e767380f832efecab11bb36656001392d79e83e7449cc7e3edeae84b9d57,7.65,7
1763126485d3b426e1170d30c647de848d72b167d657d1e25cadb81ce78dc915,7.5,7
f83776ab12fd752e25464b49c414aecb6f1d37dff93137a77347cbf4b217dd43,7.5,7
1627142479495e6d794e2a9305b988f32601e89d96ec7f9a2f5d67139f5c7eb9,7.35,7
4d18e0736c910c2be8c432ce17ce62137a45df5b4e343fc81ed59bd8ad3de34d,7.35,7
ecb1211f06695a005176222dce75f06f88e9fb2dca1ec70b344c48611980c904,7.2,7
2538182c971db02fc0f08fdfc1b7a10e9b9b24765d8608289cb99543f9eeb537,7.2,7
f65123080e93c2598a6a0696b366c2ab7f2a4d041f472a324c9ec2bf60bed037,7.2,7
ed8324fd18077147aec7bb7f463d8e89e57b1ba3e1a9673ef1ff5f0c580e4b49,7.05,7
b24025150342d8f663de36dfae312cbbec0cd970345d5c9a7adeee1f228a0177,7.05,7
17cc7978779afd825825b8e94891490cbfd17922972a2ab5fc3c18aaa5390341,6.9,7
d374f6d607b49558c3f189dd171e1e0d4d338e19b08c7188d3ed768526d2d892,6.9,7
993c37453ffa7917d34e78271306552d45832b14f5c24efbea92453ec288bd73,6.75,7
4658c068817b7a28ef8e70e8e77866f652053d9a8f680c65a560e66cecc9f1c2,6.6,7
0859c3780e5a15e9d3c1eeb6bdce369ffc3c80c2cb2591552f663f1ae1a50d99,6.6,7
686c0791655ab7b84aec6cf12d6cc0ba9866f1387b8d4c29211c6407efa33fc5,6.6,7
7d8be1cd8706dff0465a2d83c44012cfdaa78a1b7735248f09260d097ccd5ae1,6.6,7
cb6ed4e38ab30027541146dd6f116fcb6232420d7358c6c25118a5a751c166c5,6.6,7
7246d6ee364c7e8d5f25f2b0f7b5633b2b1c36511e3e76aa183dbc6d0df57be2,6.45,7
ad7ca2546ea4021ac728b01cddfa57d0b918e1ee591d0a73976f7ad524d13bff,6.3,7
ddffc4b43fa114748ffd5d3a254f90693d0ea986a36a31e36733e1209e8ffe46,6.3,7
87e2e5c67796a08c04af5b5c174d346dc9ea1e65a4ebaeb5b6f6a9d812635273,6.3,7
f1055925936a2f8d8919e3cb32ea3803a999c5960d765b47fdee6c360bc57a07,6.15,7
4e08b7977c4a4e697cacef7d157f31c55f96d0d7a8d2dca60188b2ca90c4eac9,6.15,7
87ac389522bba603173b15e1916a2880461bd029e8d65f6115488327da658e1b,6.15,7
47d339bf089ebb73cfe942cc2e2feb500887ff619053991e16f35d57cbd77d57,6.15,7
81c015dc54f2eb35b73ace4f85df3ab2f5402c808661a30e7f02182aad9fa2df,6.15,7
aa9106f04ca9c5818b621f88fa034f5f3d422080758f1c5c922e8a106c4e1127,6.15,7
744e30f59847becd049aa892a7feec86c529ee2125c53587c4b01fe45f7b6264,6.15,7
b676c3450851855b9d3f2c8a1770f7e558acfc69c6ee5213dccc22a9a8f87fb5,6.15,7
96ce297379b54447ad217b973dfc658638dec8f36ab83dd229dbc749ab3fa12d,6.0,7
fba247655fe996d1baa70266faadbe73755fe9b648dc49b42ccd876953feffc7,6.0,7
097412b6354a8c1800824a82b077a956601b8030eaabd21423fb0ae877c0ff47,6.0,7
a514075d819f077971c1eb975e9e2a1c7cd1f87de076520f738d8fb4b36e12d4,6.0,7
66bae8fb2a1a2340acb80b44c2c21dde8d7a1b1bd0e614d22494b65326eab7bb,6.0,7
cc85f53f12c102e7a3046454ade0b22f8b98c8b10ae4ea17b0eaf6213e89c34f,5.85,7
787d656a7dda2c6c8d5ab3c4adfc27154f16f7bb775ac7006c3c2b6701da50ee,5.85,7
c5c9086c541c7719be0d7f175967d538dd1979008863d25bcd4685bd3960022b,5.85,7
5abec725787c0527881fb32e72f50b39b65b613c2afda68e78c3f8444fe1e0da,5.85,7
389ab4cf0d78d36698c6b4a2ef341cc5061185631fa1133b6d5daca45a26759b,5.85,7
f2ccd5fc935452023acbb614272fd3b2cda3e5a453a51bce758b8464b2b99c31,5.7,7
0c09650d7ba331924225d59cfcf35987e0e409f79d7c2d1b39d163893ccc434e,5.7,7
1503a3a344d638398664e047d7058fdb91c23d697faabe4417ad6d586f0eadf9,5.7,7
9402b53697118067e8b99972c5266e4f1fa5e0b42c5c916ee5713fd028fb7044,5.7,7
7607437f64b6fa3dc7555e804a2b1b9aab518bf3cac9a0ab7cb4cfe6ed8d303b,5.7,7
8fa871496458c27411fdb3c3a300b7fdf7700a8636daddac0bf3fa1e5bdd73e6,5.55,7
c4a398c5204061a28cb9ca830df0d13f0a020d1a28159e6cdf797cca39e658ed,5.55,7
872324ce3aef575843d610c7e12805671331223343f2fc6f349381c2ef312f0f,5.55,7
8e4145fb96a85457764a8957a5ea145e507d41147843b5d04db2bee09f80924c,5.55,7
a45690ae4bcbb660754023e62084dde7bdef899c66d16b76ab615e5d96e1d233,5.55,7
10c1081203887c4a07b873e13ea99cd22f458e4aa45bf1b5870e49b98f2576f8,5.55,7
7a81292e7bbf5836c3765dd1ff41b2a8190fdf5aeba1c29cbb4afa332bd1979d,5.4,7
80a6a6960eca36682d8c9ff307175e84c157cc791eebf853d5d6736b1ddc5756,5.4,7
6505e82d326d89ae5ef06840a8b9550c05ad8d732c05af5dad7f12a3d4c7db84,5.4,7
cddef4b60506ed25cc4d8d9aa949e254bc91ad5d50d5b2193360a849cc3caeff,5.4,7
2058a873313448e00449cd86a51edbd5dfaf2889c5a50feae5fbf1b38ecf26bf,5.4,7
e034c29e5e8b99c007fd80285a97f26b0850e6711fb87c2d5bfa7b492a597059,5.4,7
0e6733bb26dda48f3e227d0f1cc6e667314548120a3b3561ab79ea0f80e5c8a7,5.4,7
734f77912e10ee32fa907a49de40d21ff1c6d38d120fdb42a7f337f7c88475fe,5.4,7
a76f40025f1b351a5c53cbfb1b23a8d7be5496e07ac42fb56839148da4d1f80f,5.25,7
3dbb542f2ae2cac431d79a61040130b784021ba35b40f6e9876ff2bb6e6ed35b,5.25,7
972651763cdcc47cda47e3742a6241186b0e5a5b1468589dc2ed029457366570,5.25,7
2f8753394e43eac4de594ea86f4ce6c0d92b67271f799d4c2c7ab3ddf1690c40,5.25,7
2f5f07f031ddf70a147a43a57aa1a2d007d54747413e7a13013ac7940909f0c9,5.25,7
9df3418874ecf00f507a05620e3bd67e32609813a91c5868a63cbc69f08e8760,5.25,7
43d6d2663fad16cc38ed0972b4e065e74a563d4f334aa6bf94c51f20063a0f9d,5.25,7
5ce915db49146e2e9a9c3668dfbf840516013e38496fa88009bd8a55ae476b77,5.25,7
b16623ba290ec9d964dfed4f801374a58f9ae6783247e49b97ef213073788eee,5.25,7
03c606291af828b39cecba07a17ac10eb80ffff2947c2fc9ee3eabc344542256,5.25,7
2cce65e1024faaf7f392ff391bd8aab17de78dfc7bff1eb41671ba3bf9416fed,5.25,7
77a7b3c847ff1d89bb18fbe41fa9965f6987b88e4a090ade9e9821557f29bb45,5.25,7
c7bb16b55ea81c4dc52e3a4406c93828b9d08056e2eb66288dd470756a281cb0,5.25,7
cd7d960740c3bf67fb025df911b587f369ea6198d39a00a5a102f0ee771a37f7,5.25,7
034df9cb910fd34edff57520acdab3035d028740bd6e786a93c0b9ad153ab880,5.25,7
d99787a16ec91049f9f886450d89615f4ad53844c918e8f1e6989aea7bde7193,5.25,7
82fd807a13acc5e04b8108d3076e3ab7300749f27581d3e0fd8d4177f61cd70a,5.25,7
9a4126b350b8e1051b2f3fcf7b4d0b7770ee071850783037f22678bc4923dc20,5.1,7
2c42112713f31d2f52844a5d73f9a0a5843a1eb83bf922f95f55cd604f74b4e7,5.1,7
d27206d21ec4af0eb19af8cd428af8dd2424af3482c4248e47503b6af22486fc,5.1,7
479607772627263b73c6b9e0538b0d93e8b63690cab59680a76b7312f8a92cd4,5.1,7
1e1015a52f53b673a48132905161a2c34552f3bc49755b4237f64045087c534b,5.1,7
9fd3a0085ee2a3902d53e8627569d077af1fe455527f5a002b39429540eae6ea,5.1,7
42aac5cb6df0ed5b7e2f98ced3907072dd781dfaaa57b9882f8d5f83a3a88985,5.1,7
bf54480899a85d66a86b8823d623d82a176e00ebb6e3b25b276965cf18ab5d77,5.1,7
4c2239548e76e8cb65c599e66ba292c07fa5666b34bf08d9e53a54e3a6393af8,5.1,7
1c46e0880aef499d437894899a76b616b387d909b36289cf1dcc58533ec792eb,5.1,7
204239d4286c100be6456dda7f137bb59bb597a137c70bc0328f4a9e3956567d,5.1,7
6b5da30d52d73277ce3aad8a50b87405b11a43fb97edf3da669b264eb0740ee6,5.1,7
4abfe33f09076c6c01f93378f9f64d09f1d99934ff4ba0c87e3a6599c38cd976,5.1,7
2a67e38b41b7335ab19f60660aa3b90b7d6d1f7c4884c4ed7b4728983e18ea51,5.1,7
54cd64597386811691fe3527c5a8f764e949c161a75cd728639c38f55cf3aae6,5.1,7
61a5b17782fb1cebac0acf3354420c40c0e42a2461ed896deff96fa2629990e9,5.1,7
c95c00e82c3e7e8c656c6d2bb3d331b9c05618b790dce7fc6a738f89d66b0637,5.1,7
0f50b0ab0e90a581135e7061cf32ae854e0d9c1f2da685317b801e949396f41a,5.1,7
8ac8988d15d026434fc7ce6878a3b10f861c6d5a532bd9993aed11e98691c820,5.1,7
16a56621175ea409097c9001c645ee211afe6603dcb01e421a988c65af19f762,9.3,6
7402842c9c3c86fd71ea8f33e7436f8b9fa3397f7eade13045265e0e2e5cb375,9.3,6
cf9117309335dd96b35a4d3d01a012843758b278c86be8573f3e4a18575c4dde,9.3,6
80be65955f5ddae2bfc8bc2e735aa446c748892a112416903de5f23be4c8c1c7,9.3,6
4b70813942a714f6388cbe3ba002e3c3744b50ea1f2efbca3259ea1c619d277e,9.3,6
afdac1de446a9b5106cc8a54b788b3026bc0637366bbb091ea47a6f1378df6a8,9.3,6
912435a064c795e45daba8fbded8a1e2bfdbcfbcd9fa6feb21313a4853fc1c75,9.3,6
a1ee23cc7778fbc8a572151fa915586f6ca1b2db6bc8ac78c021d1ccad4ac082,9.3,6
199a372a9aae68328fe595fdee5e68ede4a5e27e054823348bbe8c87b047640c,9.3,6
d2a3c8d44455757238d1b46fda81917e37495aa3cc76c305b2b56ef2591cba6c,9.3,6
cc0335152647a6d20b94c10ea4a178e083eb699032d5de7720be239cc629cfe7,8.7,6
b4ad59ee8066637cc5bbe1274bf9061a9af36e28b47b8dca0f559fa143d5d72b,8.25,6
093bc0a11fadc92c7d3119c415d600f563ebded1f3f84ac7ba64e55113f64356,8.25,6
61c6e5e25a1c937e0e924f38271121f10ba9e879d278a45b9e7439f2ec2110d2,8.25,6
a23a41f055d7e4759d86eb827f9fc0d88b93a67109569badc306b0a319e0b252,8.1,6
4beec87c71dae9f4493f216cbe6b41d274ba8bdd863325e1051ca57d9166b012,7.8,6
e3920254198a293befe6663df6eb42ef9ac30979b414775010a0c2894f9783c2,7.65,6
452ef6a92cf2ac521821c1b38d0e241ad7c1d261e05f1aa44342a4b1248d30f5,7.65,6
01bb65e085278087e0f93e9ff6cd6cb6667403ad6017b18f2dffe014fa508156,7.65,6
84c68763018308161d1d3f9d9c2f7e5204e50edf4ca0c3160dbc05122301f578,7.65,6
3f87b41c3a57a1a249fe20f8ffeb427d262d6b2fd75035eeee4ade5a87926eb5,7.35,6
37be197d97a42f0465042130fcba7e01ece0cdbeedc580a0281bd6b47f38a89d,7.35,6
4924d1fb6260144fb924df1c62b2a1924645e50112269d163c7062699caf4ad4,7.35,6
629d92845727d20eba947635456ac5ee681745ba315c984d8cf499c5c06d3652,7.2,6
8585673272f3050283be5adb9d7b55d39db35ccb4b3122fc3bccb7dd81f415dd,7.2,6
da776072960faa6e6370a52a187af84a2fe0b2f2ae58a557a9435d6e0d70fbf3,7.2,6
f9ba3965377541ab1b21fb3284f05bc2e19c4d7f8566454e5d05461a49281f8c,7.2,6
ae56e67721ed7f33c542e950f4840df611991e5937ac17dbf56fc766bc1de0a3,6.9,6
57d5f37766b3bc10ea47936990ede8b87e25ca2c8a45378f610f3cc326fe6153,6.9,6
8c91641a9dd960cf526dc89b191c883c9dab1353592ee1e939b3236e5234f094,6.9,6
438d35189df61aeb651cc55514a551080ce66858091fca1244308c129295cc2b,6.75,6
e1f82961697b9f4aa483b59711d67d25ac30597542d5b2d4dfbd293968345cc9,6.75,6
744971e870c13a656bd96e774dea8fc918e5d2aec8e0418954d88b28cf7acf06,6.6,6
8800a83f04dd8d8aa8dec2f5c8b639e6112fc86e3c1d86aa89463f77935cb40d,6.6,6
6cca032636df70da1e8b3f78b23e50bfb411bafa08cd9a6ea2553f17adcaa267,6.6,6
1f95a59477191597f72247c4773ed3b81955505e233c06fbb944cd40edfeef33,6.6,6
b365949350bfe5ec7fe0c7c1fbe909e92000d76bfd054d8449d55432d7636c18,6.6,6
931d60f7232fd4630105891f0ac76222173e1e630b599454aef6c98ac786f74e,6.6,6
387a42da52bb267a016b07889d5b20b85187bd5511e01f514da33cb16572738c,6.45,6
9316a26618164560b93fee6f4c85aa6eccc30b7acb6ef2d133a60ea8a9a17206,6.45,6
a6ac94ca9b7ab5962caa4630bcb755ff79bd8044ded3e129e80224e4a323d1f3,6.45,6
324b5871038b361ea3141d5781671003bb4c25b511f9cb477fcefa6978957b12,6.45,6
fc7e4687142b0fe7f65f00c73be837096477aa9c62ffca1f7de00e5c6220b4cf,6.3,6
b120b77396308a7d4485bb1d3050d545f36de09334696633680537d27b78f928,6.3,6
06a1083a79565722f442c6d9e536bb34254c2e2ed1d7ec5875a776cc4f1f146b,6.3,6
29d869de2204cff0c8eee0fbcd31917a12b43ca28e006222f4768be555467181,6.3,6
e7e8f15d5316b450c26ffb893b88cb02ea6ecacd12efea3bed03f6621ec1ed87,6.3,6
b635c777799d9624bacc22c737f7d6406ae56a0fc4409b9ed6440f3ad1628565,6.3,6
182122a615bae28b108b86e7251c551ec29be6a5974c062cb5738093c3336121,6.3,6
34c348471ba0bd24b4baab64b101c85864a40cb902ef717f8be48815f91f7ca0,6.3,6
ca77756908c07a81c9ec58588ac0ed115499ab4f3797115d07a2d800ec786e4b,6.3,6
44cc01b225c942fcdebd4f7da31371e130ee98a26ff95a774a8ec930ad9d3ac1,6.3,6
c3cd11e4681152fbbe5e73e6cc716511fcef02251028bae961b7b1651b707a69,6.3,6
0719749d59ed1d5d5661b6a756bdd56bf59bf8dcaabad35a99d2257dcb4e8709,6.15,6
22ce28b5810000b6325912cc82e48f7eb935d688bc7e460da6ee5fb594357c06,6.15,6
a9e4492b58772ad98f5db749037fc9bc957feed19b0a226b390141e75e0387b2,6.0,6
4fef789250590d3174fdd27493897cd7d7aeff67887789a176e5fde86f19930b,6.0,6
760136a931b05ca99009ca40f771b7aa50117a7f1667620d29a396a2e57032f5,6.0,6
bffff6a90a70c3c4032be586a7dea44d170be5676a319399118e74763dfec9df,6.0,6
9678b4ef0141909fb79134b1204e6a682489806e1abe5c07c1b59a89c54bfa22,6.0,6
a8eea5bc92976f1836340d507f1629e56d6d754752eac83c5cdcc4e8ba6587ff,6.0,6
1f71c8381b1caf2730ef15a5c06937cb5788785964d05e801070ab96a9ec7ee4,6.0,6
382c68a6533e93ca8b20aa6be7db70c80416d028e454cc955385571d9905a899,6.0,6
f710872351c12afcee827d0d82f59aa1bdb2522e8e220d0d8b2297092625e06c,6.0,6
6a92987344128eb66d71760323c2b5cd5bed5cd7d09691e8c3364f38862d2c6e,6.0,6
1a3d570394b03ecafe6b7474a6a63b7974ce83ebe73dd016437da8f1f896ab14,6.0,6
0b88724132823e02801d9b8ba6b12e68fdad798955f9094a808ccad995fc6a17,6.0,6
cc9c39258f2322bebda7a352d21cd474036d8ea08f6b5a2ad93a0cef2859989b,6.0,6
6126f3fe91ab7718a128b1840dfbb62dcc7e9ee1bcaa0fe880fa44387376244d,6.0,6
593245a02e45f41b1d0b627e5ab72f87d50d6b91153a0c0abed34b033a7c76f2,6.0,6
9d1ef2b8294001ec689ed8fffff97511a119e444502642fc485f5a36e6d571e5,6.0,6
6e0eb735891801d3454d3fed0d8fdd2f342c0b72c8399a1d7348d10a5a1b8495,5.85,6
65b158675c82c8bee2b123573e2e79a92b1757bd29b9cee7f9a3182be09e14d4,5.85,6
b845a5cd2227dfe5f9943f2911f03b126c33c9b904562b05d4f6c6f87b304930,5.85,6
e70ee8a491e002f3f4a68e0c0217b5eb3c48d1cad1b05cdf52ce2508c55fd641,5.85,6
76a568b68224a49481826eeb89193ba215f71924d86012f98f55ad2fa2bbdd8d,5.85,6
6868801f33872df57c18a34371af58aa754b4f7ed7bbd3b3f0eac90fce9bec9c,5.85,6
a8367547511b61eb156f0127416f1d6861db5165b3e5851451b980a82691f5f6,5.85,6
debe617e3c22a4886ccda42fd4c16c4f6717aaddd29d354c6cdcd750eb23a8f3,5.85,6
3ef122cb6a5f66efdfcecd95964354efd842b64759b8d7ab47c18c90e149ea58,5.85,6
2c1977c8601e06e461b90dfa970dcee0f8b8d85659ad2dfdea62ccd5984f5921,5.85,6
f343475462e6361dd90d188b61ce40049ab67c4907a48bf5dc1e0ec293910f0f,5.7,6
ba5644cf9fd6790b9fae463e2eaef3c0f5d7318d3035b1d1230daef38f5ece88,5.7,6
842875740ffb72f7661bc80c5c269f25410b288533a08dd03b2465938a9ed2c2,5.7,6
9544e6ba4c278677cf126dd923dd3b666a71b65973a989a12d02a9c157892b02,5.7,6
06da5467732a5e6473149144d130222f03122deb746c89b903adc87c3cc26864,5.7,6
0b41754d57ac2aa0c495cfd0701d5bb2d8f4c0f42d18f2b5c607a9f549574cf3,5.7,6
02bff2de767fe7896e49004b02a2ff8435a0353844d6e856bec4f8133162c386,5.7,6
2ee438c319049e0dc242dbc1450dc1b44fc76a81e7998eb0478b26f5d499a5f0,5.7,6
6c6066f5836e6c8b56afa9698e34f384365b5311fc8898da1d078e21188a5cd0,5.7,6
1013266f3ff628f578edfee12eed3d45321be748182b842b1d42fd7fa0d94657,5.55,6
437c17d757a74ce8ed1bf898ad252e74b8f7c2f707e29471b1833f22487b6cac,5.55,6
ace407090810a7044cc6067fcf98bbc8a23c39eb60daf53c3d5d100f178fabf9,5.55,6
5fed19756efeeb9bdd733392f08afb111be1785cf41df5a6e28d16b116a0df5a,5.55,6
9543e2e873005bf1480acb27b30dd769cacecda171230151aa3c4cfc48ca57de,5.55,6
43f1932c7c246c3c21459ecf50e5714bdb0eac5eeb74cba5113c49b69f960831,5.55,6
66cfa6a14331f3912adebd3da99279f8ebdfb8dc67a7f480548ccac7af633ed3,5.55,6
d0db8301963412eea1e2a635cd11683c5da57039f4db843e49c1cad7946c789f,5.55,6
5caf87947acafc3e5fd9bed23931755d00a0283c02fa6cc42bcc84ea783992ad,5.55,6
244159a341b15d5d077b4cdf95ab6c3540ead68e9865d3a5f4b5ed3fe7983693,5.55,6
e3c6f19b2c3df5a9858830a0c84608547925aa65750c75d1ec7457c90efe185e,5.4,6
1b0c709a1b806f3690c477dc916b3bc59d648382d6b9a891284a731554a5aceb,5.4,6
5010045010b0bd25fbe9048a623dcc4c35cb2e8e0f3c3502889576a2e2482e2b,5.4,6
0546e2d4504a99a0c5b4cbbdc3a7c736d338248a6a7043c1c3291f2629ff8c8e,5.4,6
3510a1a089117820fc13466795d945e787b421231cb6dc3e81abed75272ff894,5.4,6
dea2a17957f963886929e37d5be185eca4c39acbd0e9c112343dfadb5d5c39bd,5.4,6
4b3b155179455c69fd8eba5553ce3d3e0149e040ddaee48522a31376afbcba32,5.4,6
52a6a1e58197480a4205ccdba2de36a139fb939f57e85827db63ff8394870103,5.4,6
6d85873037b7c88221119e3a3af7d6daa028e5df6994613030a8b3ee827de247,5.4,6
a9e1578392b196b7a96357b2da26989d8adc1427482b75c0dfeed59e6c62e9b4,5.4,6
09f1808753125df575b24a5b4d9d65d7d2b2978ee77241b45c8f3cb1b1ff4813,5.4,6
d278a7bb70e7d1f30063ed2d15ebbc404c85cc5e1a1c36c7f51a4caf8ff5432b,5.4,6
87bdb4795600414f8615a5764afbd4913c5d2217964545f7b73c871f0aa81a17,5.4,6
26417981614a3cf329b72a9e9fb328e8ece651787ccf98e45efb9d2fa9f26b06,5.4,6
30cdf0ee5c7e2682c2c78886a1f24e458e210b00ac4aa02eab40635de681e46b,5.4,6
dbad06013375107201be0b09f5ef5bdc49760254e5493475b70dafaf3a7df4e9,5.4,6
81b499a116ff887221e49cdacedf58a31719eac64af302e550f9a1eacc5c9b8a,5.4,6
dda4b73885464bdd06f0f68f969c5cc677a40f5b76c4f4037da4e8a2d6112fc5,5.4,6
c262d7714e4d472ff483aa6ba3a19fc7c68a22a7f834c2ddabbbd2eb980a538c,5.25,6
7c7fd4b880a8992d3532cdd38b25bfcedeedba936aa77f2ccd6d5ff83b8a9f10,5.25,6
e51227e70c62d09fb502deca7265fd74f3ee42f45c3aba2ec8caefc6a1476246,5.25,6
4aa0d41111bdd63ab80936bffcc37bc2bce64989e672b0ce0d8fbdab28557b12,5.25,6
ec62913b3605148a656b6a36623c4294c13b0a2b752909fefe8beeafe27938d7,5.25,6
f9e042135ac0ab96010436840eaceb4bd0e882542ca9e95676d21bee28509437,5.25,6
1b49751d5f78d1bb288ca9e2bdac0f7239b35d7b455359c441cc10a751567034,5.25,6
8bfcd69c10b480e5c91b933536c5b7c55fe49bed8d2c7892547d6e1297ab5a6a,5.25,6
8a37e9998f513d7eb48cc1b44a034bf5978663e5fb88de1fc7ac1aa571998d92,5.25,6
987b778a23d5043ba72e9d4e33f32c8723167eca94d469ace8b47d6053613ec9,5.25,6
844163a4262fd32903b22aad369a6a5457ded00eea28dbf22da744b86525e356,5.25,6
ab7d85e65a519c1923114256f56cc24c5e101ea5d752811b25808bf95ba5bd07,5.25,6
04e0763f769a68fc3a48e523c7f7d2cc8278c49db6d33feb4e854438f4343f45,5.25,6
6626d1ee75bb05481d143cb8d0f4c39870e43bf89a0780eb5b4f55159aa8efd4,5.25,6
b36200cc94d8ca73d586bd5699d03ef7084845cc8c70c9f90d99ae4c0ddb51a2,5.1,6
bea386e8828c38fddc853c28adf2813469eb956231bc42d85e24cf47b332c0b8,5.1,6
8cbc810500c6b36f2af46047acc608e237677824b9860e5779575155b1052e05,5.1,6
45e1e92a58b9d90aff64ec92726d693f40b30a80b19c501501819b0482f94437,5.1,6
1118377864c61190360e64a2d3f4d0a85c18b05cdce032979035f87067969ece,5.1,6
f44033528c54558b65bf0ccbba08b056914ace328e3c5e2859ad5961d4537235,5.1,6
0b8084089efed5dd7a7882b3ad844034c4a3a8cf34bce47d3fc9e39c2a1160fb,5.1,6
1fa186a76d25ba77a8804c0f67b9d45b4a146fffe2711b2a59f3153f275c6f48,5.1,6
5283f7435d56b5c08eeb21fc60b6da12aef35e087c9e0d389b22a4fe894bd405,5.1,6
3c53c5ea939fd578028232799b2482b30828217cc3ff91bfc80edf3c5f301f39,5.1,6
00c8c6b055ebf0fe395c2ac818b9a56a158f80582d7211e2cc9e5abad6ac1f41,5.1,6
f3b3e8c679c2706b9438ab6fb9003a6bf2ff7fecdc30f75e12d87edc5ac21a2f,5.1,6
ca2e57df56d8e53182ecfb24813d2124f03356c65644273916ee9305b41b2c26,5.1,6
c3ce664a3578dddc3eb1da7f8539550ec9bcfe5f7bf40f5ef34fd76bbf6dd089,5.1,6
c6df57da401a01b088fa5df595864245bd0bc4e998f1ac850556a9b0d5e2d829,5.1,6
a577593933c9293013b17da25c6042a748c3a1674f7135296e7bddbe33c060d9,5.1,6
31df89b83d4093ab2569166f910f161380c0f04c63490fd57ac3ec307ea9317f,5.1,6
0d2f90672b200e79f99f08ac8b4879262b451cc20bca93809dc666982a4cc55f,5.1,6
f42467818dad505bb9ff091cc127c5de3430e951dd8b592fd43838716e719dd3,5.1,6
24cc39ef776e209a59b3bf54b93473f8023ecbef0dbf7058866b1bda156e7d97,5.1,6
a0e955e31152386769f70fa06cd11964a639425773a6665ec59b7ddb1b05bdf7,9.3,5
623d894d96fb1205948bae515ad73b87b5eae8bd8a2befb3d93df0720dd69899,9.3,5
c757c3388c6e31ca226c5b8deddd9315c21b984e62698be1d6f0084296fb8437,9.3,5
592f32ce73b9ad86c0a86923b964fb3af5b3871307e540d8a73403dce45eda41,9.3,5
bdc4f8824eb760b0b93830a100eb8c1d3596a24f6ade843bc60e6c4b56105c59,9.3,5
48a2567265ed06b2190a1947640bb64ed6497a3e8a685761228b2c47ae9af1b5,9.3,5
c7b929723b65b0f10c7734f37b7a20391ff12e02c1944ede4940a089cfa0dc61,9.3,5
db7e270a656c0e7c3b9e0b4e048e1d8f675bebc89abb619bdd710b98c59ca61a,9.3,5
a7025540382431cd8531dc8f6b034a4bfc931d152da4fa5d3b9eb7e508667839,9.3,5
39be6146938d7e4c205fb1f0b9c5061f64f4aa0162f6200bde6acce8d016a41b,9.0,5
737039e903f148924b428d07d94e6222ce47437364e427836ed10350330b5430,8.7,5
f9b457b23c2d03fa175c88de9435c30dd2cae8bfa57ce7b7d94d37a89d65ec66,8.55,5
8cb7a3542bd126ac38b7d46c45a945a6aba4d1c01b08cf8e783e022ce0c6a8e3,8.4,5
ce16d24c2a25bfbffdd0ec6e0f41f4bcdca8a7fac173ca3fc66e09a3ca1d63cb,8.4,5
35bb18ee8589530e86320eb1484a21248ec9d17e2b90bf3d1c39a14547076c5b,8.4,5
021b035e1f14dc48fcdd7f8b784486c31e22813dc6db23d25bd8043300b64186,8.4,5
b956296b7fdf71b95598317136429f2bb2327e6ce1eff7b8424731e70a0ba4fb,8.25,5
60add3893eb3c04b9262fc1ccb63552f958f80711fe2fe841d178603adfdeffd,8.1,5
752f983b16090e093974b96e5f5a296c8684c04bd831c16c2c8dab815b7767f9,8.1,5
0a0888d754478314247a4c612745a843cdf0607d702c33a379d78909016ca5aa,7.95,5
9bcb513572f926ce808164be9a2c022ea614a7f6e3d6166915a9e984dd0ad2b0,7.95,5
ed919881557476d8dfd44bbbde47314c5a3896c8b2ab51f1dde3f67c2e288e8c,7.8,5
aa59c910265492063e4d48982b840258c357789bd8cddf2dd33780d460efdd95,7.8,5
116db22085b1b33cb3994a3d7600f24ec151221a6d9cfcc56030bdb35043def6,7.65,5
82eb53a224a7b973a611df317728dda03935dd7d1beccae739ef89e21877d855,7.5,5
1a1305754582f602281b07262d30cb71beda31df77892e66f083f0e8de54db08,7.5,5
a4e366ec69638bff321cbc0e700a5a7c3d90642311cc74c2b533521d7f73ca1f,7.35,5
8e213933312d480deeb55d604f3febb18725e51c0ae55dbf1c9d4fe544a92460,7.2,5
e43421583dd9e6bf11ebd9ad0e9f2a96aaf71ec6960e785604f323915e6e3a1f,7.2,5
ab5777b04cb11b3c17e93cc2579b9e2c220814038bbb37bacc37af762fce3b05,7.05,5
d9c405d88ae07b2658f15b4b614c256962f305b39f14a00add575696bb49e7b1,7.05,5
a57543b47d16102be8b15097a2bd988239fbe7c13d0a4ec21d010ffad2e13291,6.9,5
5c6b2172915c7c5f4ca55a6fc59cb3f89d1f3baec4b2d9c58516c269aff44b1b,6.9,5
4766094393b146b906d87e7dda7eb4ca504aeb7929c151d17d894116b5e4494f,6.9,5
ce4d012b946f42afbd2c14d129a8ec13721b06a623d25ef9bdb9fd654aac8098,6.75,5
62cc7227262492d31f6b4a9312f0a1edd59eaf24138011a6a7fe7f150ba44dd9,6.75,5
328be89875bda307e9565435274e7781b8ae0e51a84476958b654e23ded2b132,6.75,5
667939756aed1878fd87a06a9bae9b01cd1aba9a00cff853f14149c89ed500bd,6.75,5
d43522302c27140d6840fbaf297a3be7c29834896bb38798a36ec4be95e0d622,6.75,5
1378d441961b5cf2ce637c880f3431d31c067bee5532d3d64a09379310ed27b7,6.75,5
6906b7b44f8349d22b7e8883ebfa72e8c1742ca5747c5f53b3a0d44d78da006e,6.6,5
7894f19795f0803acd36e9549cbe367d70ecdf16aa9d8c05480311042d32d50a,6.6,5
846245e58da37f26be0d5008b031f04b8e1691f42039ea12f6f71d622f20affd,6.6,5
b8554126886f66899e6b0ed7770b6e2a8f865f08fd1e17d0dda7c4039b8a4512,6.6,5
825356937cbaa81d193b78b5a967655c699b15b4d7fea6153fb0446a38b61f17,6.6,5
3dbe256982261106847cd54b23f5835d108caaf7b0578453656e63835ff88b8a,6.6,5
4704136c5f7d545610f387379e7337021aceac2441945e0331da6a6e56d7b1ff,6.6,5
aee5405a9aa0764ded40967745a8e6145b30ec84158aee7357bcc3065d179b97,6.6,5
9a1fb1699896fbb793c115d0175a00e95a97ed0562f4c13e981a7e83d4e14c5c,6.45,5
65c582d816baf04e5c5d6411ab5c89ac3ea95ea7e63a54810ce91dd44e14b226,6.45,5
8df6d0e08e7eb0bf6652c0a0a931c1723cd8bd4757380fa5f01be286c89fbcd4,6.45,5
7458928b7458fcc830b8b3997c3782425939f58311ba934c89483231c8622170,6.45,5
31c0b1b565e74fb43c760411a4dbdf45512a4d3dbf4c15a87604fc8a19ee3e1c,6.3,5
6a6b81ee95af63221acfc8ff684fd195da8c120858b390dbff08ccb1b44b307a,6.3,5
f489b55c67f4e5dc7035af928d3b9e3c3b54cf0dfb14fb274fb729a711095026,6.3,5
d2e487287b79a1b5b9eb4ecfa2c6fe8d5cb815b7dce56acc956c08bf4b473e36,6.3,5
a73419f731f290ccef028de22d90a4116a5e19279810a92421e0db98cfce4cd7,6.3,5
b04b38ba6446b02e6da55d0fc21668b432c245d4afe1c82d8865b1f9ade51d5e,6.3,5
985e43cf19e27e72bcbd1fa6c6f83a864f8d9a59adb72fb6f22694f01a8bc38c,6.3,5
61a7f01916252b65aa5eb47e1b691d99608e16b681c487c1b4390f226070f2b5,6.15,5
d708090f8cadc6d9a6e047c853b048cb6e6402aa76b8b3d32b187ead34991ad7,6.15,5
cab6f67301180c3a28cd1cf8257ad095c585d6b9015210413f5cbc4d2c3a9777,6.15,5
24ac59595822200b0505af85829d4b5b8444df4ebe11aab39dcc5dfb4d677fac,6.15,5
688ad6a46817d2f97718cea830c93ed3aa05a434923f4379088b47904bafcacd,6.15,5
4e1b04d451f7f37acf9ee05f6d22a69e9ce4c96e030fad4cf47e9d5208157f9b,6.15,5
aa72e076849f4659077e608a841123fcae86e660d7d7626bc11e5549893830e3,6.15,5
6786e9ab06f85999501eba9a55faa6152eb12d3f761e7ac49b90b87d5ba6c0a1,6.15,5
0a4b18d74d1dbb9149f732d297e38c212cdfe4aaccadee36db435cbfdbac5671,6.15,5
058cc72177626eaf15b5686e900721789811699f178dc86dfd5f333f58743417,6.15,5
632d26165a18cd24999616a5f62c182f48b8006c46a328f36ae1cded7071f0ad,6.15,5
af28172e8524052c152825dcde3df2aee2b0416a13c3ecd9b7601b1e03fd8c60,6.15,5
e31a6861448e21c445cd8ba847b210fe553eae521a169892aceefdebfddcaf73,6.15,5
3f9bb6f608ac66d6fa7a5ff73480fda760ff9b394055662786e1272e847c130c,6.15,5
7d59c6ed359d3f990724296b39aeab74130d972af2eba2c98e6511f80b4a332b,6.15,5
a358e5029c292ddc9619852f703585549114c76be44df283d0d9286246d3757f,6.0,5
2eb48965438eb5ea05071b413d2486a2a2246dde171ff0bf4e4bad0620ff39a5,6.0,5
b823d2ca478267633f0794ce3c8a191160cbed359872df4d36ed2629985a4762,6.0,5
c5cf95e66fb2e7edad75fd0129e4bba9c37008302533d14b78bc4894b3260b74,6.0,5
1a47011d361dfc699fb54e28567ffe8c45a23a6b6bf0f1078d4825eeef6923d2,6.0,5
7770f9c389633e5a5c8b0a26a6f74fab99f08f10a3c0843610fa6d65c5b0278f,6.0,5
f18cd5725302ff32393e293d4e7582df1394a8efc514fadb7a70debb3b14770b,6.0,5
7f9f00d9699e763a87c6f7eb817aade7e159f91ad877a0e83e62e759c75410f8,6.0,5
7a32475a341fbc4000da52f6b966f427861b4268f573eb5391d305d6040b6113,6.0,5
b20f886385a91a0e9e621b3b2eeb8b562b488c8d34e2f0f753583e5d7b2761ef,6.0,5
cf64c96e0922ae313b9483798989aca003e2d84632d806f991feb278862fd285,6.0,5
b87a26d125cfdee9cd533ff04ec066b79ecb10cee619d8db08b6a0b88e5c173f,6.0,5
054788ec895025b7c21350e62c9b0924f8e43afaace72a994d6c91ed43d39b27,6.0,5
3c7a76c263a7502b1e249930dea3a04ccc46dec23e6462a8c722fe21b5e1cba4,5.85,5
29a97608380a057e103039b95a0c9ff8902afd48bcfa123e2b9aebd02389181c,5.85,5
2f6492d181369af80b430fe67c8a1fb1d6b6c3d3a31d870f305d1cc601f1c694,5.85,5
006a87139bc06f9896c78591ae71297bfd43f86bfa58270b418279cbfcf6ad4e,5.85,5
0548686d68ca8787a26c9dd714de15ba87a1b89960a8e437b6f7ee11c6757c1a,5.85,5
6ff788518a32f39b4c7fd3b12d0f1715d4d7efa96a4ac91538809f21dd31be34,5.85,5
ef8fb4d2817803a190567e6be2c6dd410161f273b3c611510d99efee70df760e,5.85,5
6fbb88d3100f454dc7a0c43396ef2089a0e2da4e6bb86eabf7e1f3035e32b922,5.85,5
8133182e26e6fe43db7372fc6f1ba0e7fd840f70ba4c8bfb376ceb1369b80d50,5.85,5
6952a6295798afa6f1617d2ac5af67ce07555757b6b25bdf487fc5894e947797,5.7,5
e98bc5824d1b2091b440268d62150acb054cef2ba25e23e556cddb4aec075aaf,5.7,5
0c06c318864295484ce514222e2acbd42d57aa5d6ddca9255d89511060917a89,5.7,5
9fdaa7944117aac1dcdb6b7d07a1b8c21ba6b7672c2d03d6f997e1683d9195a4,5.7,5
901b973b64c8e8d63cdcac066f8e64114ad5d8b2d1a35d0767d15747ce65c358,5.7,5
c197476c750b51cc98276ab917020b82d702c387ef2acbecf8278b9a3cf6c7a1,5.7,5
2393e1579559974abeb40bfd1075d265f000dfbe20b6a85334b892a7a87364ac,5.7,5
1485275c48a84a09c0e1a51525d9ebaafb9ad00b88394ea62851c95474b9ce07,5.7,5
77a144ad925e3ca3d83da204710c1e901b66c8128d06aee2b902177ffdec557e,5.7,5
3bec556583cf40851376c3996ce17369e72c98a169ae03c1e6b5213841c5545a,5.55,5
fc82776435e3d0433b29d9cc62cc2e2fb4d2278e9faca43251596df2afaf168b,5.55,5
b36237d0458ecd619f17c9d8a381af5d8045f5d7f328d568847f68b4a8f774ad,5.55,5
bc56e8ad444f81c23db3e5e6f0fb49807f5c3e11a31abf23c37dc95735fee8bf,5.55,5
807773903a65bf4e2ec067a48e9fa6275ad2def2c7ff5a23774448e5ac159fa8,5.55,5
d6a5417130fbc442487b49efa6734b676b2235b32d6fece28a1a61b93ffa43d8,5.55,5
ba8907149407a88dd85de6d361a92986a3b6317973d8c860fcd478c00a10cc34,5.55,5
839ad1ef4032a83faa0b4bb6ee240af979186f9d4958fb3c72ca9b11cdf9098f,5.55,5
c59f28274f761c2dc956e65cba4568cda7a74c5c40a20593a8fec759e9d54eb9,5.55,5
b64391e8629acd08bfeb4147b58a2a8091b81554ee9e9c9777a5a037a4923713,5.55,5
33c5f22b6ee9ce4b71360136810d09ba792380ca736131f0d2fbca6e4aad9a17,5.55,5
71bda7ee8692a16c0469f3e8aca4fe46edd11a64c542c46df315a5b4e219deaf,5.55,5
225979007adac522879ff5ecab1244952bcc64399f6c3db98da985dc18eec889,5.55,5
66bc01d5463d2aae680b6514c792fe293db9af687860073d20ad56fbef596ba9,5.4,5
07d630d98ca4accf560d4b8923e6e9f0ce2fa61fd00d42b2ee68d0a8c9cbc672,5.4,5
0b4f888e4db20721f881f2ec2cbc3f702791ca36e8bb090f8829fa7cb391e683,5.4,5
5a7e33f5939b41bdf8b2e70232a11fd8450b6d74e2ec8bb54bd6ec94a9ceabfb,5.4,5
af91c5ca0fbee7e4a4ecb7ce8df26865477f233bb8c2100d65beeb3eb80fee30,5.4,5
c15243416cf6b07dce34a09a9f62b67caf6b849b8e99b0af65465fe5c813cf69,5.4,5
f911907844a8d3464a47855e398cc8ff5cc79de289b67e9fda8c616eb995f82c,5.4,5
8a8b97a02edb4097985342aff8a37c00c04e25033cf0f7503f29240b119ef481,5.4,5
a01ba9ad041969418d4285a1288844ae5bdbe3e7bb8e810269f9af5b67ced908,5.4,5
3daa623733e0df6db671f3e57eed1677e1f2ddce54a6e798c3dfd6b170f78a29,5.4,5
8189e4be5e43ad3d6d691325cce52342f3c0f2a758f5bc0446500331619a3c50,5.4,5
9645a348144db21b06fd18bee3251dcd4bb1b4bcd5081d0270c754d439e2eb5a,5.4,5
23b4043f9fa345609d4e88eec4a475a8b3cfa1e6aad8105a76303b1f8ef14202,5.4,5
c76816575c405e9a22fd2f7d9a342909ac6b20a1c42b09a39724f2aa8637a30e,5.4,5
6251e44947f72b28bed91cc606f383fca0808352994ff5048b8ea5c403c49c3c,5.4,5
0c73b3fe352d73f1c7638a3f0edbed145b0a9b7c945ceba7d2fea8c940eec848,5.4,5
8f3ff02219bd1f90a2e8d60860e481061e45790bf365f80a960426573b285df7,5.4,5
095d848f156f7a6cc8ca3e538747931204c25a203042d9cb502155e9f79fba7b,5.4,5
24d8914a4f3bc9faaf202c2eaa73b176b0fbbc97e99c6be3bc621908a3181c49,5.25,5
78e027c4242e9613b166a8864af3e3e8fd22260b0e70577359cb1a565ac0760c,5.25,5
a365b0747d4f0155f9740a0552b3666d1ac3d7c56e3add3823778d31b361eea6,5.25,5
b12aa61c8f63025e0213fa2486251be4e1f76bdbe24601b80a9ba3a08accbf93,5.25,5
82a840c01d5f61e2560bb7c9a3a17506e074423f28f822f723ea3b6d3eaa4a7c,5.25,5
b042a090676deda8f3f0bb15ce364c3157149798fa814bf23dd77d019378a67a,5.25,5
32e7710437f9b27946a91c7777c9defa0d7343a778fd48b9dc30d4c6565170fe,5.25,5
093a54230d150f031ceb0b9617de8cfc50db647699c81fe19ff9bf960e2e22d0,5.25,5
558c51a905538ebe87178c37ea6f430ddc8fc1dfafc8c80525b7c87ddd990e0a,5.25,5
e2b1e87b275fb7bc728658e1fc569a5b634c04cd63786275d27f222d2c04a7a2,5.25,5
ecf7e8837047db4e5a46282411f9bfe7a984b4a25a4a94b5f33e4c63450fc3f7,5.25,5
7ccbf3cc38526f2ec7f1d5649e3d82a3f7074d310d5397625b16b7a6008bfe78,5.25,5
1bf933324da8dbc819cb20c2b46a5bfb6b73514e6563cf275be53a58c91d98e8,5.25,5
52ea802423172a22006f01db37b4e49bff7b341362b20065abbaebb513b977ae,5.1,5
41b2a2580cf407db3cfcf0a4c48234c0fe5802fdac59f2f86269d17ce2e2d625,5.1,5
badda51b2733ff2e30dfc2cb9eb1798f661f8440d19c0525a78187052f7b4c35,5.1,5
bef4d5dd33a1c77dde1ef5f3e3a9c803eb9197f5f63f8dd365637424610e3f4d,5.1,5
1589a3fb0c05bda9368e320cde699a2fc0744f1ed6187b73b039223acc89573f,5.1,5
306e598a85a0b259faff40e3f7fdc4e96004c7fb066e2e914591c590ec9fb762,5.1,5
a68c97584a5c77303fdbe26a51cdd7f5321b73592aefeaae0fa7dacf48819d96,5.1,5
1d7a08405e62f61fe1901c2e7a8152b6677b112b5f16b99f6f9217ea6537bf49,5.1,5
1349f7ca2990b4525cfcc6d56c3b40f8db3a899a59ac3a7b32436e975e8c05f4,5.1,5
d38b76fe450993a2345345de26f7f10a187ba2a09d9b8ea5caacb3f9ad2c9286,5.1,5
0f4594836a73ecc104b20f1c20798ae7f5526302b0e81b0801cf79b04468b1ed,5.1,5
f89e19ef9c1b188582f3e27902a9ca6649e4bc3f17881ad95d0d6c7500e07325,5.1,5
9262235f340e1ec312a4e91a5ae12ff171247f42c7c191e8731d9bc9ab14f189,5.1,5
